"","Term","Overlap","P.value","Adjusted.P.value","Old.P.value","Old.Adjusted.P.value","Odds.Ratio","Combined.Score","Genes"
"1","Proteoglycans in cancer","157/201",6.05270233146991e-17,1.86423231809273e-14,0,0,3.6701820976155,137.057231345655,"IHH;ELK1;FGF2;ACTB;ACTG1;IGF1R;PPP1CB;PPP1CC;CCND1;PLAU;MYC;AKT2;AKT3;KDR;AKT1;PLCE1;IL12B;PRKACA;PRKACB;MAP2K1;MAP2K2;PRKCB;RPS6;WNT5A;FRS2;PRKCA;ANK2;ANK3;ANK1;HSPG2;TIAM1;EZR;RAF1;TP53;DDX5;SDC4;SDC2;PXN;ITPR1;TWIST1;PIK3R3;ITPR2;PIK3R2;PIK3R1;IQGAP1;HIF1A;SLC9A1;PLCG2;PLCG1;WNT1;WNT2;WNT3;WNT4;SMAD2;WNT10A;FZD3;TGFB2;FZD2;TGFB1;FZD5;FZD4;CAV2;FZD7;PTCH1;CAV1;FZD6;RDX;FZD9;IGF2;FN1;MSN;BRAF;IGF1;ESR1;PTK2;MDM2;NANOG;GRB2;HPSE;FGFR1;ITGB1;CDKN1A;WNT2B;ITGB3;PIK3CD;FASLG;PIK3CB;SHH;CTSL;CASP3;TIMP3;ITGAV;RAC1;HRAS;ARHGEF12;PPP1R12A;PDPK1;MMP2;ITGA2;GAB1;WNT9B;RRAS2;WNT9A;WNT16;RHOA;VAV2;MRAS;CTTN;PIK3CA;HCLS1;ITGA5;PPP1R12B;SOS1;TLR4;PPP1R12C;SOS2;MET;CD44;CD63;CAMK2D;ROCK1;ROCK2;CAMK2A;CBL;HOXD10;THBS1;EGFR;CDC42;NRAS;PAK1;WNT11;ERBB3;ERBB2;FLNA;DROSHA;MAPK1;FLNB;FLNC;CAMK2G;MAPK3;LUM;WNT7B;STAT3;WNT7A;PTPN11;MAPK14;MAPK12;VEGFA;PPP1CA;MAPK13;MAPK11;TFAP4;RPS6KB1;PDCD4;CTNNB1;FAS;KRAS"
"2","Neurotrophin signaling pathway","100/119",3.88290938755654e-15,5.97968045683707e-13,0,0,5.3955812419916,179.037210997387,"PRDM4;IRS1;CALML3;CALML4;CRKL;RPS6KA3;RPS6KA6;RPS6KA5;AKT2;ARHGDIA;RPS6KA2;AKT3;RPS6KA1;AKT1;MAP2K1;MAP2K2;PRKCD;FRS2;MAPKAPK2;RAF1;TP53;ATF4;BEX3;ZNF274;SHC3;MAGED1;SHC1;PIK3R3;PIK3R2;PIK3R1;FOXO3;RAP1B;RAP1A;IRAK1;IRAK2;ABL1;PLCG2;PLCG1;MAP2K7;NGFR;JUN;BDNF;BRAF;NFKB1;NFKBIA;BCL2;CALM3;GRB2;CALM1;NFKBIE;CALM2;NFKBIB;YWHAE;GSK3B;PIK3CD;FASLG;PIK3CB;IKBKB;RAC1;HRAS;RIPK2;PDPK1;GAB1;IRAK3;IRAK4;RHOA;PIK3CA;TRAF6;RAPGEF1;SOS1;SOS2;CRK;CAMK2D;CAMK2A;RELA;CDC42;MAPK9;NRAS;MAPK8;MAPK7;MAPK1;SH2B3;CAMK2G;SH2B1;MAPK3;MAP3K3;NTRK2;MAP3K1;BAD;SORT1;NTRK3;PTPN11;MAPK14;MAPK12;MAPK13;MAPK10;MAPK11;CAMK4;BAX;KRAS"
"3","Pathways in cancer","349/530",1.42807981225738e-14,1.46616194058425e-12,0,0,1.99548564275024,63.6158040176599,"RB1;SPI1;HHIP;KEAP1;CALML3;CALML4;ELK1;CRKL;FRAT2;RPS6KA5;TFG;MYC;AKT2;AKT3;AKT1;IL12B;PRKACA;SKP2;PRKACB;SKP1;PRKCB;DAPK1;DAPK2;PRKCA;RUNX1;EML4;BCR;AR;ADCY9;AGTR1;TP53;CTBP2;CTBP1;EPAS1;PDGFB;LPAR1;MGST2;LPAR2;TGFA;PIK3R3;LPAR3;PIK3R2;PIK3R1;HIF1A;TERT;PLCG2;HMOX1;PLCG1;RALGDS;JAG2;STAT5A;CREBBP;WNT10A;FZD3;JUN;FZD2;JAG1;FZD5;GADD45B;FZD4;GADD45A;FZD7;FZD6;FZD9;FN1;IGF2;BRAF;IGF1;GNG12;PTK2;CALM3;GRB2;CALM1;CALM2;GSTM5;CDKN1A;CDKN1B;GLI3;BBC3;GLI2;IKBKB;SHH;HEY1;SUFU;HEY2;RAC3;ELOC;IKBKG;RAC1;JAK3;HRAS;APPL1;JAK1;APC2;NCOA1;EDN1;GSTO2;IFNGR1;GSTO1;IFNGR2;NCOA3;NCOA4;WNT9B;WNT9A;FOS;F2;KIF7;RHOA;PAX8;KIT;RARA;RARB;PPARG;PLCB1;PPARD;FH;GSTP1;PTGER3;GNAI3;ADCY3;XIAP;CXCR4;ADCY1;PTGS2;ADCY6;EGFR;GNAI1;RELA;ADCY5;GNAI2;RXRB;NRAS;RXRA;CTNNA1;STAT6;BID;IL12RB2;RUNX1T1;EGLN1;ARNT2;NQO1;EGLN3;EGLN2;STAT1;CDKN2A;STAT2;WNT7B;STAT3;VEGFB;WNT7A;MLH1;VEGFA;HEYL;KITLG;CCDC6;CTNNB1;FAS;F2RL3;ITGA2B;IL5RA;FGF1;FGF2;ETS1;IGF1R;FGF5;FGF7;CCND3;CCND2;FGF9;CCND1;CDH1;PIM1;EP300;PIM2;IL6R;IFNAR2;PDGFRB;PDGFRA;MAP2K1;RALBP1;MAP2K2;TPM3;F2R;WNT5A;MITF;RBX1;MSH6;MSH2;COL4A2;CCNE2;MSH3;COL4A1;CCNE1;COL4A4;COL4A3;COL4A5;IL6ST;RAF1;IFNAR1;NOTCH2;NOTCH3;NOTCH1;MAX;STK4;RASGRP1;FOXO1;HSP90B1;RASGRP3;BCL2L11;TPR;ABL1;DVL3;PMAIP1;WNT1;FGF23;WNT2;WNT3;WNT4;SMAD2;TGFB2;SMAD4;TGFB1;SMAD3;ZBTB16;PTCH1;PTCH2;ESR1;NFKB1;ESR2;NFKBIA;IL6;CXCL12;CDK6;SP1;CDK4;GNB2;GNAQ;FGF19;CDK2;GNB1;MDM2;BCL2;GNAS;GNB3;CYCS;GNB5;FGFR4;IL7R;FGFR3;BCL2L1;NFE2L2;FGFR1;ITGB1;GSK3B;HSP90AB1;WNT2B;CXCL8;FLT4;PTEN;SLC2A1;PIK3CD;FASLG;LAMC2;PIK3CB;LAMC1;CKS1B;CASP7;CASP8;CASP3;ITGAV;POLK;NKX3-1;ARHGEF11;HSP90AA1;ARHGEF12;APAF1;CHUK;ITGA3;ITGA2;PLEKHG5;MMP2;ARNT;TRAF2;TRAF1;AXIN2;WNT16;TGFBR1;TGFBR2;TRAF4;PIK3CA;TRAF3;TRAF6;TRAF5;BIRC5;SOS1;SOS2;MET;CRK;BIRC2;CEBPA;LAMA5;HDAC2;CAMK2D;ROCK1;LAMA2;ROCK2;LAMA4;CAMK2A;LRP5;CBL;DLL1;LRP6;CDC42;DLL4;GNA13;MAPK9;GNG3;MAPK8;GNG2;WNT11;GNG5;GNG4;ERBB2;GNA12;E2F1;E2F2;MAPK1;E2F3;HES1;BAK1;VHL;CAMK2G;MAPK3;TCF7L2;EGF;BAD;LAMB2;TXNRD1;LAMB1;PML;EPOR;MAPK10;RAD51;APC;RPS6KB1;IL2RA;IL2RB;BAX;KRAS"
"4","Endocytosis","178/244",6.43292596332859e-14,4.18103761186432e-12,0,0,2.77395476481625,84.2582152764237,"WASHC4;VPS29;WASHC5;TFRC;ZFYVE9;WIPF2;CBLB;IGF1R;ZFYVE27;KIF5C;KIF5B;KIF5A;VPS35;VPS36;AP2M1;SH3GL1;SH3GLB1;SH3GLB2;USP8;PDGFRA;IST1;HLA-B;HLA-C;HLA-A;HLA-E;RNF41;RUFY1;ACAP3;ACAP2;ZFYVE16;RAB31;HGS;PARD3;STAMBP;VPS25;STAM2;VPS28;RAB5B;RAB5C;TSG101;AGAP2;NEDD4L;AGAP1;VPS26A;AGAP3;PRKCZ;SNX3;SNX4;SNX1;GRK3;RAB11FIP1;SNX2;GRK2;UBB;GRK5;GRK4;GRK7;GRK6;PIP5K1A;PIP5K1C;RAB11FIP2;RAB11FIP4;SNX5;RAB11FIP5;SNX6;SMAD2;HSPA8;RAB4A;SMAD3;IQSEC2;SMURF2;IQSEC1;SMURF1;CAV2;VTA1;CAV1;IQSEC3;HSPA6;ARPC4;STAM;ARPC5;HSPA2;IGF2R;SPART;EHD2;EHD3;DAB2;ARPC2;ARPC3;MDM2;FGFR4;RAB5A;FGFR3;ARF3;ARF1;ARPC1B;ARPC1A;CLTC;CLTB;SNX12;CLTA;AP2A1;ARRB1;WASL;ARRB2;AP2A2;RAB22A;EEA1;CAPZB;CHMP1B;PSD4;CHMP1A;PSD3;CCR5;HRAS;RAB8A;GIT1;PDCD6IP;VPS37C;ARAP2;VPS37D;VPS37A;EPS15L1;VPS37B;ARAP1;RBSN;RHOA;ARFGAP1;TGFBR1;EPN1;ARFGAP2;DNM2;TGFBR2;EPN2;DNM3;RABEP1;TRAF6;CHMP6;CHMP7;ARF5;RAB7A;ARF6;CXCR4;PARD6G;ASAP1;ASAP2;CBL;EGFR;CDC42;CYTH3;CYTH2;PARD6B;CXCR2;MVB12B;EPS15;LDLR;CYTH1;GIT2;ARFGEF2;GBF1;AP2B1;RAB11A;PML;RAB11B;RAB10;ITCH;NEDD4;CAPZA1;IL2RA;CAPZA2;IL2RB;VPS45;SMAP2;SMAP1;FOLR1;HSPA1B;SPG21;HSPA1A"
"5","Focal adhesion","150/199",6.78739872055896e-14,4.18103761186432e-12,0,0,3.14490903354277,95.3571753225538,"ITGA2B;TNC;ELK1;ACTB;ARHGAP35;MYLK3;CRKL;MYLK;ACTG1;IGF1R;MYLK4;PPP1CB;PPP1CC;CCND3;CCND2;CCND1;AKT2;AKT3;KDR;CAPN2;AKT1;TNR;PDGFRB;PDGFRA;MAP2K1;PRKCB;ACTN1;PRKCA;ACTN4;MYL5;COL4A2;COL4A1;COL4A4;COL4A3;COL4A5;TLN2;TLN1;RAF1;MYL9;VCL;SHC3;SHC1;PXN;PDGFB;PIK3R3;PIK3R2;PIK3R1;MYL12A;MYL12B;RAP1B;RAP1A;PDGFC;PIP5K1C;VASP;JUN;CAV2;CAV1;FN1;BRAF;IGF1;PARVB;PTK2;COL1A1;MYLPF;DIAPH1;COL1A2;PARVG;ITGA11;COL9A1;BCL2;GRB2;COL9A2;ITGB1;GSK3B;FLT1;FLT4;ITGB3;RASGRF1;PTEN;ILK;PIK3CD;LAMC2;PIK3CB;LAMC1;ARHGAP5;RAC3;ITGB8;ITGAV;RAC1;HRAS;VAV3;PPP1R12A;ITGA3;PDPK1;ITGA2;ITGA1;RHOA;VAV2;PIK3CA;COL6A2;COL6A1;RAPGEF1;ITGA8;ITGA5;PPP1R12B;SOS1;PPP1R12C;SOS2;DOCK1;MET;CRK;BIRC2;ITGA9;LAMA5;ROCK1;LAMA2;ROCK2;LAMA4;XIAP;THBS2;THBS1;EGFR;THBS4;CDC42;MAPK9;PAK1;MAPK8;ERBB2;FLNA;PAK6;MAPK1;FLNB;FYN;FLNC;PAK3;PAK2;PAK5;PAK4;MAPK3;EGF;BAD;LAMB2;VEGFB;LAMB1;VEGFA;PPP1CA;MAPK10;ZYX;CTNNB1;BCAR1"
"6","Renal cell carcinoma","63/69",1.27825847354612e-13,6.56172683087007e-12,0,0,10.7376192409174,318.779595660042,"CDKN1A;SLC2A1;PIK3CD;PIK3CB;ETS1;CRKL;FLCN;AKT2;AKT3;AKT1;EP300;RAC1;ELOC;HRAS;MAP2K1;MAP2K2;TFE3;GAB1;ARNT;RBX1;PIK3CA;RAPGEF1;RAF1;SOS1;SOS2;MET;CRK;FH;EPAS1;PRCC;PDGFB;PIK3R3;TGFA;PIK3R2;PIK3R1;HIF1A;RAP1B;CDC42;NRAS;PAK1;RAP1A;PAK6;MAPK1;VHL;PAK3;PAK2;PAK5;PAK4;MAPK3;EGLN1;ARNT2;TGFB2;JUN;CREBBP;EGLN3;TGFB1;EGLN2;BAD;PTPN11;BRAF;VEGFA;KRAS;GRB2"
"7","FoxO signaling pathway","106/132",2.52514551750255e-13,1.11106402770112e-11,0,0,4.17914742479007,121.22581451044,"IRS1;FBXO25;IRS4;IRS2;IGF1R;STK11;CCND2;CCND1;AKT2;AKT3;TNFSF10;AKT1;EP300;SKP2;RAG1;PRKAB2;GABARAPL1;MAP2K1;G6PC;MAP2K2;CSNK1E;ATG12;RAF1;FOXG1;AGAP2;FOXO6;PIK3R3;PIK3R2;FOXO4;PIK3R1;FOXO3;NLK;STK4;FOXO1;GABARAP;CCNB2;CCNB1;BCL2L11;PCK1;PLK4;SMAD2;TGFB2;CREBBP;SMAD4;TGFB1;SMAD3;HOMER1;GADD45B;HOMER2;GADD45A;INSR;PLK2;PLK1;BRAF;IGF1;IL6;G6PC3;CDK2;MDM2;GRB2;ATM;IL7R;CDKN1A;CDKN1B;SETD7;PTEN;PRKAG1;PIK3CD;FASLG;SLC2A4;PIK3CB;GRM1;IKBKB;HRAS;CHUK;PDPK1;PRMT1;SIRT1;TGFBR1;TGFBR2;RBL2;PIK3CA;SGK3;SGK1;SOS1;SGK2;SOS2;PRKAA1;PRKAA2;EGFR;MAPK9;NRAS;MAPK8;MAPK1;MAPK3;EGF;STAT3;MAPK14;SOD2;MAPK12;KLF2;MAPK13;MAPK10;MAPK11;CCNG2;KRAS"
"8","Cellular senescence","124/160",3.13122451348623e-13,1.2055214376922e-11,0,0,3.53378263385411,101.745312963265,"RB1;MRE11;TRAF3IP2;SERPINE1;CALML3;CALML4;ETS1;PPP1CB;PPP1CC;CCND3;CCND2;CCND1;CHEK2;MYC;AKT2;CHEK1;AKT3;CAPN2;AKT1;NBN;BTRC;MAP2K3;MAP2K1;MAP2K2;FBXW11;HLA-B;HUS1;TSC2;HLA-C;TSC1;HLA-A;CDC25A;HLA-E;CCNE2;CCNE1;MAPKAPK2;VDAC2;RAF1;SQSTM1;TP53;PPID;ITPR1;ITPR2;PIK3R3;PIK3R2;PIK3R1;FOXO3;FOXO1;ZFP36L2;ZFP36L1;CCNB2;PPP3R1;CCNB1;TRPM7;MAP2K6;SMAD2;TGFB2;TGFB1;SMAD3;GADD45B;GADD45A;NFATC3;NFATC2;NFATC1;NFKB1;IL6;CDK6;RHEB;CDK4;TRPV4;CDK2;MDM2;CDK1;CALM3;ATM;CALM1;CALM2;MCU;LIN54;CDKN1A;CXCL8;PTEN;PIK3CD;PIK3CB;FOXM1;PPP3CA;PPP3CB;MYBL2;HRAS;LIN52;RRAS2;SIRT1;TGFBR1;TGFBR2;CCNA2;RBL2;IL1A;MRAS;PIK3CA;SLC25A5;SLC25A6;LIN9;RELA;NRAS;RBBP4;E2F1;E2F2;MAPK1;E2F3;E2F4;E2F5;MAPK3;CDKN2A;HIPK1;MAPK14;HIPK3;MAPK12;HIPK2;MAPK13;PPP1CA;MAPK11;RAD50;KRAS;RAD1"
"9","Human papillomavirus infection","227/330",8.43826772580994e-13,2.88776273283273e-11,0,0,2.26984079272997,63.1034561152861,"RB1;PATJ;MAML2;MAML1;PPP2R2A;RBPJ;TBK1;PPP2R1B;PPP2R1A;CREB3L1;AKT2;CREB3L2;AKT3;AKT1;ATP6V1E1;PRKACA;PRKACB;HES6;ATP6V1G1;ATP6V0E1;HLA-B;HLA-C;SCRIB;HLA-A;HLA-E;TBPL2;PARD3;TBPL1;MAML3;ATP6V0D1;TP53;ATP6V0D2;LLGL1;LLGL2;PIK3R3;PIK3R2;PIK3R1;PRKCZ;TERT;ATP6V0A2;ATP6V1C1;ATP6V0A1;CREBBP;WNT10A;FZD3;FZD2;JAG1;FZD5;FZD4;FZD7;FZD6;FZD9;FN1;EIF2AK2;PTK2;COL1A1;COL1A2;COL9A1;GRB2;ATM;COL9A2;CDKN1A;CDKN1B;LFNG;IKBKB;HEY1;HEY2;IKBKG;HRAS;IKBKE;JAK1;APC2;ATP6V0B;WNT9B;WNT9A;TUBG1;NFX1;TLR3;PTGS2;RELA;EGFR;PPP2CA;PPP2CB;NRAS;ATP6V1G3;BCAP31;CSNK1A1;STAT1;IFNB1;STAT2;WNT7B;WNT7A;MPP5;VEGFA;HEYL;PSMC1;CTNNB1;FAS;ITGA2B;TNC;UBE3A;CCND3;CCND2;CCND1;EP300;TNR;PDGFRB;IFNAR2;MAP2K1;MAP2K2;WNT5A;TSC2;TSC1;CCNE2;COL4A2;COL4A1;CCNE1;COL4A4;COL4A3;COL4A5;RAF1;IFNAR1;ATP6V1A;NOTCH2;NOTCH3;NOTCH1;PXN;UBR4;FOXO1;SLC9A3R1;ATP6V1H;DVL3;WNT1;WNT2;WNT3;ATP6V1F;WNT4;NFKB1;DLG1;CDK6;DLG3;RHEB;CDK4;ITGA11;TADA3;CDK2;GNAS;MDM2;ITGB1;GSK3B;WNT2B;ITGB3;PTEN;PIK3CD;FASLG;LAMC2;CHD4;PIK3CB;LAMC1;OASL;CASP8;PPP2R5E;CASP3;ITGB8;ITGAV;TBP;ATP6AP1;CHUK;ITGA3;ITGA2;ITGA1;PPP2R5A;PPP2R5D;AXIN2;PPP2R5C;WNT16;CCNA2;RBL2;CREB1;PKM;PIK3CA;IRF3;TRAF3;COL6A2;IRF1;COL6A1;ATP6V1B2;ITGA8;ITGA5;SOS1;SOS2;IRF9;ATP6V1B1;CREB5;ITGA9;RBPJL;LAMA5;HDAC2;LAMA2;LAMA4;PARD6G;THBS2;THBS1;THBS4;CDC42;PARD6B;WNT11;E2F1;MAPK1;HES1;BAK1;HES2;HES4;MAPK3;TCF7L2;EGF;BAD;LAMB2;MX1;LAMB1;PPP2R3A;APC;RPS6KB1;PPP2R2C;PPP2R2B;BAX;KRAS"
"10","Chronic myeloid leukemia","67/76",1.22313248925465e-12,3.76724806690431e-11,0,0,7.61373942470389,208.84187210173,"RB1;CDKN1A;CDKN1B;PIK3CD;PIK3CB;CRKL;IKBKB;CCND1;MYC;AKT2;AKT3;AKT1;POLK;IKBKG;HRAS;MAP2K1;MAP2K2;CHUK;GAB2;TGFBR1;RUNX1;TGFBR2;BCR;PIK3CA;RAF1;SOS1;SOS2;TP53;CRK;HDAC2;SHC3;CTBP2;SHC1;CTBP1;PIK3R3;PIK3R2;PIK3R1;CBL;RELA;NRAS;E2F1;ABL1;E2F2;MAPK1;E2F3;BAK1;MAPK3;STAT5A;TGFB2;SMAD4;TGFB1;SMAD3;GADD45B;BAD;CDKN2A;GADD45A;PTPN11;BRAF;NFKB1;NFKBIA;CDK6;CDK4;MDM2;BAX;KRAS;GRB2;BCL2L1"
"11","Protein processing in endoplasmic reticulum","126/165",1.35412705993415e-12,3.79155576781563e-11,0,0,3.31425249247739,90.5714417254623,"ERO1A;ERO1B;UBE2D4;UBE2D2;UBE2D3;UBE2D1;CAPN2;SEC62;SEC63;SKP1;PDIA3;FBXO2;DNAJB12;MOGS;YOD1;UBE4B;PDIA6;RBX1;ERN1;SELENOS;DNAJB11;ERP29;PLAA;PREB;ATF6;ATF4;VCP;SAR1A;RPN2;SAR1B;HSPA4L;RPN1;SEL1L;UBE2J2;HSP90B1;UBE2J1;ATXN3;HSPH1;BAG2;SSR1;MAP2K7;SEC31A;EDEM3;HSPA8;XBP1;HSPA5;EDEM1;EIF2AK1;HSPA6;EIF2AK2;EIF2AK4;HSPA2;EIF2S1;NSFL1C;NPLOC4;DNAJC10;STT3A;BCL2;HYOU1;STT3B;CALR;RNF185;NFE2L2;TRAM1;HSP90AB1;PRKCSH;HERPUD1;SEC61A2;SEC61A1;MAN1A2;UFD1;MAN1A1;UBXN6;SEC13;HSP90AA1;SSR4;SSR2;SSR3;TRAF2;RAD23B;CKAP4;DDOST;DNAJC1;DAD1;DNAJC5;CANX;PRKN;PPP1R15A;SEC23A;ATF6B;DERL1;DERL2;RRBP1;DNAJB1;ERLEC1;LMAN1;MAPK9;MAPK8;GANAB;LMAN2;UBQLN1;BAK1;UGGT2;SEC23B;UGGT1;UBQLN4;BCAP31;MBTPS1;SEC24B;SEC24A;AMFR;SYVN1;UBE2G1;UBE2G2;SVIP;MAPK10;DNAJA1;DNAJA2;BAX;STUB1;P4HB;SEC24D;SEC24C;HSPA1B;MBTPS2;HSPA1A"
"12","Autophagy","102/128",1.76584728124957e-12,4.53234135520724e-11,0,0,4.01980485128728,108.785528598005,"IRS1;IRS4;IRS2;IGF1R;STK11;DEPTOR;LAMP1;AKT2;LAMP2;AKT3;AKT1;PRKACA;MAP3K7;PRKACB;SH3GLB1;ATG3;GABARAPL1;MAP2K1;MAP2K2;DAPK1;DAPK2;ATG9A;PRKCD;ATG10;TSC2;TSC1;ATG14;ATG13;ATG12;ERN1;RRAGA;RRAGC;RRAGD;DDIT4;ULK2;ULK1;RAF1;MTMR3;ITPR1;PIK3R3;PIK3R2;PIK3R1;MTMR4;HIF1A;GABARAP;NRBF2;ATG7;UVRAG;EIF2AK4;EIF2S1;ATG16L2;ATG16L1;RHEB;ATG2A;BCL2;BCL2L1;ATG2B;MTMR14;PTEN;PIK3CD;PIK3CB;HMGB1;CTSL;RB1CC1;SNAP29;CTSD;HRAS;CTSB;RUBCN;PDPK1;RRAS2;WIPI2;RAB33B;VAMP8;MRAS;PIK3CA;TRAF6;AKT1S1;ATG4C;PIK3C3;RAB7A;BECN1;PRKAA1;PRKAA2;STX17;AMBRA1;CAMKK2;PPP2CA;PPP2CB;MAPK9;NRAS;MAPK8;TP53INP2;MAPK1;MAPK3;IGBP1;BAD;CFLAR;MAPK10;VMP1;RPS6KB1;KRAS"
"13","Axon guidance","134/181",1.37616410383071e-11,3.26045033830661e-10,0,0,2.92479572684705,73.1466141898423,"SEMA5A;DPYSL5;DPYSL2;CFL2;CFL1;EPHB2;EPHB4;PDK1;EPHB3;EPHA5;SEMA6B;EPHA4;SEMA6C;EPHA7;EPHA6;UNC5B;SEMA6D;WNT5A;PRKCA;UNC5C;UNC5D;MYL5;PARD3;EPHA1;RAF1;MYL9;EPHA2;SEMA7A;PIK3R3;PIK3R2;PIK3R1;EFNA5;PRKCZ;MYL12A;MYL12B;EFNB2;EFNB1;PPP3R1;PLXNA2;ABL1;PLCG2;PLXNA1;PLCG1;SRGAP3;SRGAP2;SRGAP1;PLXNA4;PLXNA3;WNT4;NTNG1;FZD3;PTCH1;NFATC3;NFATC2;L1CAM;SSH2;BMP7;PTK2;GDF7;SSH1;EFNA1;EFNA3;CXCL12;EFNA2;PLXNB2;PLXNB1;BMPR1B;ITGB1;ROBO2;GSK3B;NRP1;BMPR2;LRRC4;ILK;PIK3CD;PIK3CB;RND1;ROBO1;PPP3CA;PPP3CB;SHH;NCK2;RAC3;RAC1;HRAS;NEO1;NCK1;TRPC5;ARHGEF12;TRPC3;TRPC1;RHOA;RGMA;ENAH;PIK3CA;MET;CAMK2D;ROCK1;ROCK2;CAMK2A;NTN4;SEMA3G;GNAI3;PARD6G;CXCR4;SEMA3E;SEMA3F;NTN1;GNAI1;GNAI2;CDC42;NRAS;ABLIM1;PARD6B;PAK1;SLIT1;PAK6;MAPK1;SLIT3;FYN;SLIT2;PAK3;PAK2;CAMK2G;PAK5;PAK4;MAPK3;SEMA4D;RYK;SEMA4C;LIMK1;PTPN11;SEMA4G;KRAS"
"14","AGE-RAGE signaling pathway in diabetic complications","82/100",1.61418990477986e-11,3.55121779051569e-10,0,0,4.66209117098797,115.851113812028,"CXCL8;CDKN1B;SERPINE1;PIK3CD;PIK3CB;ICAM1;THBD;CCND1;AKT2;CASP3;AKT3;PIM1;AKT1;PLCE1;RAC1;HRAS;EDN1;PRKCB;PRKCE;MMP2;PRKCD;CYBB;PRKCA;F3;TGFBR1;TGFBR2;IL1A;COL4A2;PIK3CA;COL4A1;COL4A4;COL4A3;AGTR1;COL4A5;PLCB1;PIK3R3;PIK3R2;PIK3R1;PRKCZ;FOXO1;RELA;CDC42;MAPK9;NRAS;MAPK8;PLCG2;CCL2;MAPK1;PLCG1;MAPK3;SMAD2;STAT5A;EGR1;TGFB2;SMAD4;JUN;TGFB1;VCAM1;SMAD3;STAT1;STAT3;FN1;VEGFB;NFATC1;MAPK14;NFKB1;MAPK12;MAPK13;VEGFA;COL1A1;MAPK10;DIAPH1;MAPK11;IL6;COL3A1;COL1A2;CDK4;BCL2;BAX;KRAS;PLCD3;PLCD1"
"15","Herpes simplex virus 1 infection","316/492",2.48474421759626e-11,5.10200812679766e-10,0,0,1.85267869824166,45.2392018205727,"ZNF175;TBK1;ZNF607;ZNF606;AKT2;ZNF605;ZNF726;AKT3;ZSCAN32;ZNF846;ZNF845;AKT1;IL12B;ZNF721;ZNF841;ZNF169;B2M;ZNF17;ZNF285;ZNF284;ZNF283;ZFP1;ZNF282;HLA-B;ZNF705A;ZNF10;HLA-C;ZNF12;HLA-A;HCFC2;HCFC1;HLA-E;ZNF716;ZNF714;ZNF713;TP53;ZNF398;ZNF275;ZNF154;ZNF324B;ZNF273;ZNF20;PIK3R3;PIK3R2;PIK3R1;CFP;ZNF25;ZNF26;C3;ZNF829;ZNF708;ZNF707;ZNF823;ZNF701;ZNF700;ZNF268;ZNF267;HLA-DQA1;ZNF264;HLA-DRB5;ZNF141;ZNF383;TNFSF14;EIF2AK1;EIF2AK2;ZNF34;EIF2AK4;SRPK1;BST2;ZNF37A;ZNF816;ZNF813;CALR;RBAK;ZNF136;ZNF257;ZNF256;HLA-DRB1;ZNF254;ZNF253;ZNF251;ZNF250;ZNF490;ZNF43;IKBKB;ZNF248;IKBKG;IKBKE;ZNF124;ZNF486;HLA-DPA1;JAK1;ZIK1;ZNF484;SYK;ZNF480;IFNGR1;IFNGR2;ZNF780B;ZNF780A;ZNF235;ZNF234;TLR3;ZNF233;ZNF595;ZNF473;RNASEL;ZNF350;ZNF471;ZNF2;ZNF3;ZNF8;RELA;ZNF7;ZFP14;ZNF107;ZNF226;ZNF468;ZNF347;ZNF589;BID;ZNF585B;ZNF587;ZNF223;ZNF343;ZNF101;ZNF585A;ZNF584;ZNF221;ZNF100;ZNF583;ZNF461;ZNF582;ZNF460;STAT1;IFNB1;STAT2;ZNF79;PPP1CA;ZNF33A;FAS;ZNF699;ZNF334;ZNF212;ZNF454;ZNF333;ZNF354C;ZNF354B;ZNF331;ZNF570;PPP1CB;PPP1CC;ZFP30;ZNF83;ZNF208;ZNF85;ZNF569;ZNF689;ZNF567;ZNF566;ZNF324;HLA-DOA;ZNF565;ZFP37;MAP3K7;HLA-DOB;ZNF563;ZNF562;ZNF320;IFNAR2;PDIA3;ZNF440;ZNF561;ZNF682;ZNF560;ZNF680;ZFP69B;TSC2;ZNF98;TSC1;ZNF99;ZNF91;ZNF439;ZNF317;SRSF2;SRSF3;ZNF316;SRSF4;ZNF557;ZNF556;ZNF677;SRSF6;ZNF555;ZNF676;SRSF7;ZNF433;ZNF675;ZNF554;SRSF8;ZNF432;ZNF674;SRSF9;ZNF431;ZNF552;IFNAR1;ZNF551;ZNF793;ZNF430;ZNF792;ZNF550;ZNF670;ZNF791;ZNF790;SOCS3;IRAK1;ZNF429;ZNF549;ZNF669;ZNF548;ZNF426;ZNF546;ZNF667;ZNF786;ZNF665;ZNF302;ZNF544;ZNF543;ZNF785;ZNF420;ZNF783;ZNF662;EIF2B5;ZNF782;EIF2B2;POU2F1;ALYREF;POU2F2;EIF2S1;POU2F3;NFKB1;NFKBIA;MAVS;IL6;RHEB;ZNF419;ZNF417;BCL2;ZNF415;HLA-DRA;CYCS;ZNF777;TAB2;TAB1;BCL2L1;ZNF772;ZNF891;ITGB3;PIK3CD;FASLG;PIK3CB;ZFP82;CASP8;ZNF529;ZNF528;CASP3;ZNF527;ZNF768;ZNF766;ZNF763;ZNF641;APAF1;CHUK;TRAF2;IRAK4;TAPBP;PIK3CA;IRF3;TRAF3;OAS2;TRAF6;OAS3;TRAF5;ZNF878;ZNF514;ITGA5;BIRC2;IRF9;ZNF195;SRSF1;ZNF749;CCL5;ZNF746;ZNF286B;CCL2;ZNF623;BAK1;ZNF621;ZNF620;ZNF860;BAD;ZNF181;ZNF180;PTPN11;PML;ZNF619;ZNF737;ZNF616;ZNF615;ZNF736;BAX;ZNF611;ZNF853;ZNF610;ZNF730;ZNF850;NECTIN1"
"16","Signaling pathways regulating pluripotency of stem cells","107/139",2.76695064414019e-11,5.32637998996987e-10,0,0,3.42589513251784,83.2858750859474,"RIF1;FGF2;IGF1R;SOX2;MYC;AKT2;AKT3;AKT1;SMARCAD1;ACVR1;MAP2K1;MAP2K2;WNT5A;LIFR;KAT6A;COMMD3-BMI1;IL6ST;RAF1;PIK3R3;PIK3R2;PIK3R1;POU5F1B;DVL3;WNT1;SKIL;WNT2;WNT3;WNT4;SMAD2;SMAD1;WNT10A;FZD3;SMAD4;ZFHX3;SMAD3;FZD2;FZD5;SETDB1;FZD4;FZD7;FZD6;FZD9;LIF;SMAD9;INHBB;INHBA;IGF1;SMAD5;ID2;ID1;ID4;ID3;LHX5;NANOG;GRB2;TCF3;FGFR4;BMPR1B;FGFR3;FGFR1;BMPR1A;GSK3B;WNT2B;BMPR2;ONECUT1;PIK3CD;PIK3CB;BMI1;JARID2;HRAS;JAK3;JAK1;APC2;WNT9B;PAX6;AXIN2;WNT9A;WNT16;DUSP9;POU5F1;PIK3CA;HAND1;ACVR1B;NRAS;WNT11;MAPK1;LEFTY2;MAPK3;PCGF5;WNT7B;PCGF2;PCGF3;STAT3;WNT7A;MAPK14;KLF4;ACVR2B;MAPK12;ACVR2A;TBX3;MAPK13;MAPK11;MEIS1;REST;APC;CTNNB1;KRAS"
"17","Hepatitis B","121/163",9.91713948299364e-11,1.79675232986002e-09,0,0,2.95300559995333,68.0200374350721,"RB1;ATF2;ELK1;TBK1;CREB3L1;MYC;AKT2;CREB3L2;AKT3;AKT1;EP300;MAP3K7;MAP2K3;MAP2K4;MAP2K1;MAP2K2;PRKCB;PRKCA;HSPG2;CCNE2;CCNE1;RAF1;TP53;IFNAR1;ATF4;PIK3R3;PIK3R2;PIK3R1;IRAK1;MAP2K7;MAP2K6;SMAD2;STAT5A;TGFB2;CREBBP;EGR2;SMAD4;JUN;TGFB1;SMAD3;EGR3;NFATC3;NFATC2;NFATC1;BRAF;NFKB1;NFKBIA;MAVS;IL6;CDK2;BCL2;CYCS;TAB2;GRB2;TAB1;CDKN1A;CXCL8;DDX3X;YWHAB;PIK3CD;FASLG;PIK3CB;IKBKB;CASP8;YWHAQ;CASP10;CASP3;IKBKG;HRAS;JAK3;IKBKE;JAK1;ATP6AP1;APAF1;CHUK;IRAK4;FOS;YWHAZ;TIRAP;TGFBR1;TGFBR2;CCNA2;DDB1;CREB1;PIK3CA;IRF3;TRAF3;TRAF6;BIRC5;SOS1;SOS2;TLR4;TLR3;CREB5;PCNA;ATF6B;RELA;MAPK9;NRAS;MAPK8;E2F1;E2F2;MAPK1;STAT6;E2F3;BID;MAPK3;MAP3K1;BAD;STAT1;IFNB1;STAT2;STAT3;MAPK14;MAPK12;MAPK13;MAPK10;MAPK11;FAS;BAX;KRAS"
"18","Kaposi sarcoma-associated herpesvirus infection","135/186",1.20988886152036e-10,2.04558719541995e-09,0,0,2.71471009176519,61.9912802345928,"RB1;CALML3;CALML4;FGF2;ICAM1;PREX1;ZFP36;TBK1;CCND1;MYC;AKT2;AKT3;AKT1;EP300;IFNAR2;MAP2K4;ATG3;GABARAPL1;MAP2K1;MAP2K2;HLA-B;HLA-C;HLA-A;ATG14;HLA-E;MAPKAPK2;IL6ST;RAF1;TP53;IFNAR1;PDGFB;ITPR1;ITPR2;PIK3R3;PIK3R2;PIK3R1;HIF1A;GABARAP;PIK3R6;PIK3R5;C3;PPP3R1;UBB;PLCG2;PLCG1;MAP2K7;MAP2K6;LYN;CREBBP;JUN;NFATC3;EIF2AK2;NFATC2;NFATC1;GNG12;NFKB1;NFKBIA;RCAN1;IL6;CDK6;CDK4;GNB2;GNB1;GNB3;CYCS;CALM3;GNB5;CALM1;CALM2;GSK3B;CDKN1A;CXCL8;PIK3CD;PIK3CB;CXCL3;CXCL2;PIK3CG;IKBKB;PPP3CA;PPP3CB;CASP8;CASP3;RAC1;IKBKG;CCR5;CCR4;HRAS;IKBKE;JAK1;SYK;CHUK;IFNGR1;TRAF2;FOS;CD200R1;CREB1;PIK3CA;IRF3;TRAF3;PIK3C3;IRF9;TLR3;BECN1;PTGS2;RELA;MAPK9;NRAS;GNG3;MAPK8;GNG2;GNG5;GNG4;E2F1;E2F2;MAPK1;E2F3;BAK1;BID;MICA;MICB;MAPK3;STAT1;IFNB1;STAT2;STAT3;MAPK14;MAPK12;MAPK13;VEGFA;MAPK10;MAPK11;FAS;BAX;CTNNB1;KRAS"
"19","Human T-cell leukemia virus 1 infection","155/219",1.26188820496685e-10,2.04558719541995e-09,0,0,2.48563466758861,56.6556718938264,"RB1;ATF2;CRTC2;SPI1;TRRAP;CRTC1;ELK1;ETS1;ETS2;ICAM1;CDC20;ELK4;CCND3;ZFP36;CDC23;CCND2;CCND1;CREB3L1;CHEK2;MYC;AKT2;CHEK1;CREB3L2;AKT3;CDC27;AKT1;EP300;PRKACA;HLA-DOA;B2M;PRKACB;HLA-DOB;MAP2K4;MAP2K1;MAP2K2;ANAPC7;IL1R1;HLA-B;HLA-C;HLA-A;HLA-E;ADCY9;CCNE2;CCNE1;TBPL2;TBPL1;VDAC2;TLN2;TLN1;TP53;ANAPC1;ATF4;ANAPC2;PIK3R3;PIK3R2;PIK3R1;CCNB2;PPP3R1;TERT;HLA-DQA1;STAT5A;SMAD2;EGR1;FDPS;CREBBP;EGR2;HLA-DRB5;JUN;TGFB2;SMAD4;TGFB1;SMAD3;NFATC3;NFATC2;NFATC1;NFKB1;FOSL1;NFKBIA;DLG1;IL6;CDK4;CDK2;HLA-DRA;ATM;CALR;TCF3;MAP3K14;HLA-DRB1;BCL2L1;NRP1;CDKN1A;SLC2A1;PTEN;PIK3CD;CD3G;TNFRSF13C;PIK3CB;CD3D;IKBKB;PPP3CA;PPP3CB;XPO1;TSPO;IKBKG;HRAS;JAK3;HLA-DPA1;JAK1;TBP;CHUK;FOS;TGFBR1;TGFBR2;CCNA2;KAT2B;KAT2A;CREB1;PIK3CA;CANX;SLC25A5;CREB5;SLC25A6;VAC14;ATF6B;SRF;ADCY3;XIAP;ADCY1;ADCY6;RELA;ADCY5;MAPK9;NRAS;MAPK8;E2F1;E2F2;MAPK1;E2F3;MSX1;BUB3;MAPK3;RANBP1;MAP3K3;RANBP3;CDKN2C;MAP3K1;CDKN2A;NFYB;MAPK10;CD4;IL2RA;IL2RB;BAX;KRAS;RAN"
"20","MAPK signaling pathway","200/295",1.43112818084442e-10,2.2039373985004e-09,0,0,2.16397740259881,49.0517151029548,"ATF2;ELK1;CRKL;ELK4;RPS6KA4;RPS6KA3;RPS6KA6;RPS6KA5;MYC;AKT2;RPS6KA2;AKT3;STMN1;RPS6KA1;KDR;AKT1;PRKACA;PRKACB;IL1R1;PRKCB;CACNA2D1;PRKCA;MAPK8IP2;MAPK8IP3;EREG;TP53;EPHA2;ATF4;PDGFB;TGFA;NLK;PPP3R1;PDGFC;NGFR;JUN;JUND;GADD45B;GADD45A;INSR;IGF2;NFATC3;NFATC1;BRAF;IGF1;GNG12;GRB2;IKBKB;PPP3CA;PPP3CB;RAC3;RAC1;IKBKG;HRAS;DUSP4;DUSP5;MAP4K2;DUSP2;DUSP3;DUSP1;RRAS2;FOS;DUSP8;DUSP9;DUSP6;DUSP7;IL1A;MRAS;JMJD7-PLA2G4B;KIT;RAPGEF2;MAPT;RELA;EGFR;NRAS;PAK1;FLNA;FLNB;FLNC;PAK2;MAP4K3;MAP4K4;MAP3K2;MAP3K3;MAP3K1;VEGFB;VEGFA;KITLG;TAOK1;TAOK2;FAS;LAMTOR3;HSPA1B;HSPA1A;CSF1;IL1RAP;FGF1;FGF2;IGF1R;FGF5;FGF7;FGF9;MAP3K7;MAP3K4;PDGFRB;MAP2K3;PDGFRA;MAP2K4;MAP2K1;MAP2K2;CDC25B;CACNB1;CACNB4;MAPKAPK2;MAPKAPK5;RAF1;MAX;CACNA1B;CACNA1A;CACNA1C;EFNA5;STK4;RASGRP1;CACNA1H;RASGRP3;RAP1B;RAP1A;IRAK1;MAP2K7;FGF23;MAP2K6;HSPA8;TGFB2;TGFB1;BDNF;HSPA6;HSPA2;NFKB1;EFNA1;EFNA3;EFNA2;FGF19;NF1;TAB2;TAB1;FGFR4;MAP3K14;FGFR3;MAP3K11;FGFR1;FLT1;RASGRF2;FLT4;RASGRF1;HSPB1;FASLG;ARRB1;ARRB2;DUSP16;DUSP10;CASP3;CHUK;PLA2G4E;PLA2G4A;TRAF2;IRAK4;TGFBR1;TGFBR2;PPM1A;PPM1B;TRAF6;RASA2;SOS1;SOS2;MET;CRK;SRF;CDC42;CACNG7;MAPK9;CACNG8;MAPK8;MAPK7;ERBB3;MKNK2;ERBB2;GNA12;MAPK1;CACNG1;CACNG2;MAPK3;ANGPT4;NTRK2;EGF;MAPK14;MAPK12;MAPK13;MAPK10;MAPK11;KRAS;PTPN7"
"21","p53 signaling pathway","61/72",4.77041800347067e-10,6.99661307175698e-09,0,0,5.66698642266824,121.632892706773,"STEAP3;CDKN1A;CD82;SERPINE1;PTEN;BBC3;PIDD1;CCND3;CASP8;CCND2;CCND1;SESN3;AIFM2;CHEK2;CASP3;SESN1;CHEK1;SESN2;APAF1;SHISA5;TSC2;SERPINB5;RRM2B;CCNE2;CCNE1;TP53;EI24;RCHY1;PPM1D;THBS1;CCNB2;CCNB1;COP1;ZMAT3;PERP;PMAIP1;SFN;BID;RPRM;RRM2;GADD45B;SIVA1;CDKN2A;GADD45A;SIAH1;TNFRSF10B;IGF1;CDK6;CDK4;CCNG2;CDK2;CCNG1;BCL2;CDK1;MDM2;FAS;BAX;CYCS;ATM;MDM4;BCL2L1"
"22","Pancreatic cancer","63/75",5.15823461260669e-10,7.22152845764936e-09,0,0,5.36561294905622,114.745009400933,"RB1;CDKN1A;PIK3CD;PIK3CB;IKBKB;CCND1;AKT2;AKT3;AKT1;RAC3;POLK;RAC1;IKBKG;JAK1;RALBP1;MAP2K1;CHUK;TGFBR1;TGFBR2;PIK3CA;RAF1;TP53;ARHGEF6;PIK3R3;TGFA;PIK3R2;PIK3R1;RELA;EGFR;CDC42;MAPK9;MAPK8;ERBB2;E2F1;E2F2;MAPK1;E2F3;BAK1;RALGDS;MAPK3;SMAD2;TGFB2;SMAD4;TGFB1;SMAD3;GADD45B;EGF;BAD;STAT1;CDKN2A;GADD45A;STAT3;BRAF;NFKB1;VEGFA;MAPK10;CDK6;RAD51;RPS6KB1;CDK4;BAX;KRAS;BCL2L1"
"23","Small cell lung cancer","75/93",5.4453727822463e-10,7.29206442144287e-09,0,0,4.26107498475919,90.8933514669654,"RB1;ITGB1;CDKN1A;CDKN1B;ITGA2B;PTEN;PIK3CD;LAMC2;PIK3CB;LAMC1;CKS1B;IKBKB;CCND1;MYC;AKT2;CASP3;AKT3;AKT1;ITGAV;POLK;IKBKG;SKP2;APAF1;CHUK;ITGA3;ITGA2;TRAF2;TRAF1;PIK3CA;TRAF4;CCNE2;COL4A2;TRAF3;COL4A1;CCNE1;COL4A4;TRAF6;COL4A3;TRAF5;RARB;COL4A5;TP53;BIRC2;LAMA5;LAMA2;MAX;LAMA4;PIK3R3;XIAP;PIK3R2;PIK3R1;PTGS2;FHIT;RELA;RXRB;RXRA;E2F1;E2F2;E2F3;BAK1;GADD45B;LAMB2;GADD45A;FN1;LAMB1;NFKB1;PTK2;NFKBIA;CDK6;CDK4;CDK2;BCL2;BAX;CYCS;BCL2L1"
"24","Human immunodeficiency virus 1 infection","149/212",6.42105766482877e-10,8.24035733653025e-09,0,0,2.42609492609493,51.3513755944834,"CALML3;CALML4;CRKL;DCAF1;TBK1;AKT2;CFL2;CHEK1;AKT3;CFL1;AP1S2;AP1S1;AKT1;AP1S3;BTRC;B2M;MAP3K7;SKP1;PDIA3;MAP2K3;MAP2K1;MAP2K2;PRKCB;FBXW11;AP1B1;HLA-B;HLA-C;PRKCA;HLA-A;CDC25C;HLA-E;RBX1;RAF1;CUL5;PXN;ITPR1;PIK3R3;ITPR2;PIK3R2;PIK3R1;CCNB2;PPP3R1;CCNB1;IRAK1;PLCG2;PLCG1;MAP2K7;MAP2K6;APOBEC3C;JUN;APOBEC3F;NFATC3;NFATC2;NFATC1;GNG12;PTK2;NFKB1;BST2;NFKBIA;GNAO1;GNB2;GNAQ;GNB1;BCL2;CDK1;GNB3;CYCS;CALM3;ATM;TAB2;CALR;GNB5;TAB1;CALM1;CALM2;APOBEC3A;BCL2L1;PIK3CD;CD3G;FASLG;PIK3CB;CD3D;IKBKB;PPP3CA;PPP3CB;CASP8;AP1G2;TRIM5;AP1G1;CASP3;RAC3;RAC1;ELOC;IKBKG;CCR5;HRAS;CHUK;TRAF2;FOS;IRAK4;TNFRSF1B;TAPBP;DDB1;PIK3CA;IRF3;TRAF6;TRAF5;TLR4;CRK;GNAI3;CXCR4;RNF7;SAMHD1;GNAI1;RELA;GNAI2;MAPK9;NRAS;PAK1;GNG3;MAPK8;GNG2;GNG5;GNG4;PAK6;MAPK1;BAK1;BID;PAK3;PAK2;PAK5;PAK4;MAPK3;IFNB1;BAD;LIMK1;MAPK14;MAPK12;MAPK13;MAPK10;CUL4A;MAPK11;CD4;WEE1;RPS6KB1;FAS;BAX;KRAS;CUL4B"
"25","Colorectal cancer","70/86",9.43233512304851e-10,1.14726718599934e-08,0,0,4.47274550624556,92.9512876559691,"GSK3B;CDKN1A;PIK3CD;PIK3CB;BBC3;CCND1;MYC;AKT2;CASP3;AKT3;AKT1;RAC3;POLK;RAC1;HRAS;APPL1;APC2;MAP2K1;MAP2K2;AXIN2;FOS;RHOA;TGFBR1;EREG;TGFBR2;MSH6;MSH2;PIK3CA;MSH3;BIRC5;RAF1;SOS1;SOS2;TP53;PIK3R3;TGFA;PIK3R2;PIK3R1;EGFR;MAPK9;NRAS;MAPK8;BCL2L11;MAPK1;PMAIP1;BAK1;RALGDS;MAPK3;SMAD2;TCF7L2;TGFB2;JUN;SMAD4;TGFB1;SMAD3;GADD45B;EGF;BAD;GADD45A;BRAF;MLH1;MAPK10;APC;RPS6KB1;BCL2;BAX;CYCS;CTNNB1;KRAS;GRB2"
"26","Hippo signaling pathway","117/160",9.68472299869574e-10,1.14726718599934e-08,0,0,2.7875652586616,57.8567566545003,"PATJ;WWC1;SERPINE1;PPP2R2A;FGF1;ACTB;AMOT;ACTG1;PPP1CB;SOX2;PPP1CC;CCND3;CCND2;RASSF2;CCND1;PPP2R1B;PPP2R1A;CDH1;RASSF4;MYC;RASSF6;CCN2;BTRC;FBXW11;WNT5A;SCRIB;CSNK1D;CSNK1E;FRMD6;PARD3;LLGL1;LLGL2;PRKCZ;TP53BP2;DVL3;WNT1;WNT2;WNT3;WNT4;SMAD2;WWTR1;SMAD1;TGFB2;WNT10A;FZD3;SMAD4;TGFB1;SMAD3;FZD2;FZD5;FZD4;FZD7;FZD6;FZD9;BMP7;GDF7;SMAD7;MOB1B;MOB1A;DLG1;DLG3;DLG4;ID2;ID1;SNAI2;NF2;BMPR1B;BMPR1A;YWHAE;GSK3B;WNT2B;BMPR2;YWHAB;LIMD1;BBC3;GLI2;YWHAQ;AMH;TEAD1;YWHAG;TEAD2;YWHAH;TEAD4;APC2;WNT9B;AXIN2;WNT9A;WNT16;YWHAZ;TGFBR1;TGFBR2;LATS1;LATS2;BIRC5;BIRC2;YAP1;CRB2;PARD6G;NKD1;PPP2CA;PPP2CB;PARD6B;PAK1;WNT11;CTNNA1;TCF7L2;WNT7B;BMP8A;BMP8B;WNT7A;MPP5;WTIP;PPP1CA;APC;PPP2R2C;PPP2R2B;CTNNB1"
"27","Prostate cancer","77/97",1.30404017647121e-09,1.48757175686346e-08,0,0,3.93725101626016,80.5474881855281,"RB1;GSK3B;CDKN1A;CDKN1B;HSP90AB1;PTEN;PIK3CD;PLAT;PIK3CB;IGF1R;IKBKB;CCND1;PLAU;CREB3L1;AKT2;CREB3L2;AKT3;AKT1;EP300;IKBKG;HRAS;NKX3-1;PDGFRB;PDGFRA;MAP2K1;HSP90AA1;MAP2K2;CHUK;PDPK1;INSRR;MMP3;ETV5;AR;CREB1;ZEB1;CCNE2;PIK3CA;CCNE1;RAF1;SOS1;TP53;SOS2;ATF4;CREB5;GSTP1;PDGFB;PIK3R3;TGFA;PIK3R2;PIK3R1;FOXO1;RELA;EGFR;HSP90B1;NRAS;PDGFC;ERBB2;E2F1;E2F2;MAPK1;E2F3;MAPK3;TCF7L2;CREBBP;EGF;BAD;BRAF;IGF1;NFKB1;NFKBIA;CDK2;MDM2;BCL2;CTNNB1;GRB2;KRAS;FGFR1"
"28","ErbB signaling pathway","69/85",1.55858621285815e-09,1.71444483414397e-08,0,0,4.40840145207149,89.4001186173441,"GSK3B;CDKN1A;CDKN1B;PIK3CD;CBLB;PIK3CB;ELK1;CRKL;MYC;AKT2;AKT3;NCK2;AKT1;HRAS;NCK1;MAP2K4;MAP2K1;MAP2K2;PRKCB;GAB1;PRKCA;NRG2;EREG;BTC;PIK3CA;NRG4;RAF1;SOS1;SOS2;CRK;CAMK2D;SHC3;SHC1;CAMK2A;PIK3R3;TGFA;PIK3R2;PIK3R1;CBL;EGFR;MAPK9;NRAS;PAK1;MAPK8;ERBB3;ERBB2;ABL1;PLCG2;PAK6;ABL2;MAPK1;PLCG1;PAK3;MAP2K7;PAK2;CAMK2G;PAK5;PAK4;MAPK3;STAT5A;JUN;EGF;BAD;BRAF;PTK2;MAPK10;RPS6KB1;KRAS;GRB2"
"29","Regulation of actin cytoskeleton","149/214",1.84319711160515e-09,1.95760244956685e-08,0,0,2.3509765009765,47.282285056727,"CYFIP2;CYFIP1;NCKAP1;CHRM3;ITGA2B;FGF1;FGF2;ACTB;ARHGAP35;MYLK3;CRKL;MYLK;ACTG1;MYLK4;PPP1CB;FGF5;PPP1CC;FGF7;FGF9;CFL2;CFL1;PIP4K2A;PIP4K2B;PIP4K2C;PDGFRB;PDGFRA;MAP2K1;MAP2K2;ACTN1;F2R;ACTN4;MYL5;TIAM1;SPATA13;PFN1;EZR;RAF1;MYL9;VCL;PFN2;PXN;PDGFB;LPAR1;LPAR2;PIK3R3;PIK3R2;PIK3R1;IQGAP1;IQGAP3;MYL12A;MYL12B;SLC9A1;SCIN;PDGFC;PIP5K1A;MYH14;NCKAP1L;PIP5K1C;MYH10;FGF23;RDX;FN1;MSN;BRAF;ARPC4;ARPC5;GNG12;SSH2;PTK2;SSH1;MYLPF;DIAPH1;DIAPH2;CXCL12;ARPC2;ARPC3;FGF19;ITGA11;FGFR4;FGFR3;FGFR1;ITGB1;ARPC1B;ITGB3;ARPC1A;BRK1;PIK3CD;WASL;PIK3CB;RAC3;ITGB8;ITGAV;RAC1;HRAS;GIT1;VAV3;APC2;ARHGEF12;PPP1R12A;ITGA3;ITGA2;INSRR;ITGA1;RRAS2;F2;RHOA;VAV2;ENAH;MRAS;PIK3CA;ITGA8;MYH9;ITGA5;ARHGEF7;PPP1R12B;SOS1;PPP1R12C;SOS2;DOCK1;CRK;ARHGEF6;ITGA9;ROCK1;ROCK2;CXCR4;FGD1;EGFR;CDC42;GNA13;NRAS;PAK1;GNA12;PAK6;MAPK1;PAK3;PAK2;WASF2;PAK5;PAK4;MAPK3;GSN;EGF;LIMK1;PPP1CA;PIKFYVE;ABI2;APC;KRAS;BCAR1"
"30","Ubiquitin mediated proteolysis","102/137",2.18897064684731e-09,2.20536554449316e-08,0,0,2.98346845207772,59.4898669552472,"UBE2D4;UBE3C;UBE2D2;UBE2D3;KEAP1;UBE2D1;UBE3A;CBLB;UBE2Z;UBE2L3;CDC20;HERC4;CDC23;HERC2;HERC1;CDC27;FBXO4;BTRC;SKP2;SKP1;PIAS4;PIAS3;FBXW8;ANAPC7;FBXW7;FBXW11;FBXO2;UBE2E3;UBE4A;UBE2E2;UBE4B;MID1;PIAS2;RBX1;PIAS1;ANAPC1;ANAPC2;CUL5;UBA6;CUL3;NEDD4L;UBE2J2;UBE2J1;RHOBTB2;SOCS3;COP1;SOCS1;UBR5;UBE2F;UBE2H;UBE2I;UBE2B;SMURF2;SMURF1;SIAH1;UBE2W;UBOX5;UBE2S;UBE2N;MDM2;UBE2O;UBA2;UBA1;SAE1;UBE2K;UBE2M;DET1;BRCA1;PRPF19;UBE2Q1;UBE2Q2;ELOC;DDB1;UBE2R2;TRAF6;BIRC6;BIRC2;PRKN;MGRN1;XIAP;RNF7;RCHY1;CBL;FZR1;VHL;MAP3K1;PPIL2;HUWE1;SYVN1;UBE2G1;UBE2G2;PML;CUL4A;KLHL9;ITCH;NEDD4;ERCC8;TRIM37;TRIP12;STUB1;TRIM32;CUL4B"
"31","Non-small cell lung cancer","56/66",2.21968609997689e-09,2.20536554449316e-08,0,0,5.72039346922219,113.983988499901,"RB1;CDKN1A;PIK3CD;PIK3CB;CCND1;AKT2;AKT3;AKT1;POLK;HRAS;JAK3;MAP2K1;MAP2K2;PDPK1;PRKCB;PRKCA;EML4;PIK3CA;RARB;RAF1;SOS1;SOS2;TP53;PIK3R3;TGFA;PIK3R2;PIK3R1;FOXO3;STK4;FHIT;EGFR;RXRB;NRAS;RXRA;ERBB2;E2F1;PLCG2;E2F2;MAPK1;E2F3;PLCG1;BAK1;MAPK3;STAT5A;GADD45B;EGF;BAD;CDKN2A;GADD45A;STAT3;BRAF;CDK6;CDK4;BAX;KRAS;GRB2"
"32","Hepatocellular carcinoma","121/168",2.39485180618278e-09,2.30504486345092e-08,0,0,2.6375420275753,52.3550628224591,"RB1;SMARCB1;KEAP1;ELK1;ACTB;ACTG1;IGF1R;FRAT2;CCND1;MYC;AKT2;AKT3;DPF1;AKT1;DPF3;MAP2K1;SMARCC1;MAP2K2;SMARCC2;PRKCB;WNT5A;PRKCA;RAF1;TP53;SHC3;SHC1;MGST2;PIK3R3;TGFA;PIK3R2;PIK3R1;TERT;PLCG2;HMOX1;DVL3;PLCG1;WNT1;WNT2;WNT3;WNT4;SMAD2;TGFB2;WNT10A;FZD3;SMAD4;TGFB1;SMAD3;FZD2;FZD5;GADD45B;PHF10;FZD4;GADD45A;FZD7;FZD6;FZD9;IGF2;BRAF;SMARCA2;SMARCA4;CDK6;CDK4;GRB2;BCL2L1;GSTM5;NFE2L2;GSK3B;CDKN1A;WNT2B;PTEN;PIK3CD;PIK3CB;POLK;HRAS;APC2;PBRM1;GSTO2;GSTO1;GAB1;WNT9B;AXIN2;WNT9A;WNT16;ARID1A;ARID1B;TGFBR1;TGFBR2;PIK3CA;SOS1;SOS2;MET;SMARCD1;SMARCD2;SMARCD3;GSTP1;LRP5;EGFR;LRP6;NRAS;WNT11;E2F1;E2F2;MAPK1;E2F3;BAK1;BRD7;MAPK3;SMARCE1;NQO1;TCF7L2;BAD;CSNK1A1;CDKN2A;TXNRD1;WNT7B;WNT7A;APC;RPS6KB1;BAX;CTNNB1;KRAS"
"33","Glioma","62/75",2.61156260804517e-09,2.4374584341755e-08,0,0,4.8732779143738,96.3121367107155,"RB1;CDKN1A;PTEN;PIK3CD;CALML3;PIK3CB;CALML4;IGF1R;CCND1;AKT2;AKT3;AKT1;POLK;HRAS;PDGFRB;PDGFRA;MAP2K1;CAMK1D;MAP2K2;PRKCB;PRKCA;PIK3CA;RAF1;SOS1;SOS2;TP53;CAMK2D;SHC3;SHC1;CAMK2A;PDGFB;PIK3R3;TGFA;PIK3R2;PIK3R1;EGFR;NRAS;E2F1;PLCG2;E2F2;MAPK1;E2F3;PLCG1;BAK1;CAMK2G;MAPK3;GADD45B;EGF;CDKN2A;GADD45A;BRAF;IGF1;CDK6;CDK4;CAMK4;MDM2;BAX;CALM3;KRAS;GRB2;CALM1;CALM2"
"34","mTOR signaling pathway","111/152",2.94988722421014e-09,2.6722507795786e-08,0,0,2.77247379653075,54.4555410148752,"IRS1;IGF1R;RPS6KA3;STK11;RPS6KA6;DEPTOR;AKT2;RPS6KA2;AKT3;SESN2;RPS6KA1;GRB10;AKT1;ATP6V1E1;SKP2;MAP2K1;ATP6V1G1;MAP2K2;PRKCB;RPS6;WNT5A;TSC2;TSC1;PRKCA;RRAGA;CLIP1;RRAGC;RRAGD;DDIT4;ULK2;ULK1;RAF1;TELO2;ATP6V1A;SEH1L;PIK3R3;PIK3R2;PIK3R1;ATP6V1H;DVL3;SLC38A9;WNT1;WNT2;ATP6V1C1;WNT3;ATP6V1F;WNT4;WNT10A;FZD3;FZD2;WDR59;FZD5;FZD4;INSR;FZD7;FZD6;FZD9;BRAF;IGF1;RHEB;GRB2;GSK3B;WNT2B;PTEN;PIK3CD;PIK3CB;IKBKB;FLCN;RNF152;HRAS;SEC13;CHUK;PDPK1;STRADB;WNT9B;WNT9A;WNT16;RHOA;SLC7A5;PIK3CA;AKT1S1;ATP6V1B2;EIF4E2;DEPDC5;SGK1;SOS1;SOS2;ATP6V1B1;PRKAA1;PRKAA2;CAB39;LRP5;SLC3A2;LRP6;NRAS;WNT11;MAPK1;RICTOR;FNIP1;ATP6V1G3;FNIP2;EIF4E;MAPK3;WNT7B;WNT7A;RPS6KB1;CASTOR2;KRAS;LAMTOR1;LPIN1;LAMTOR3"
"35","Thyroid hormone signaling pathway","88/116",5.7162689767331e-09,5.03031669952513e-08,0,0,3.21512143365842,61.0228425152835,"GSK3B;THRB;THRA;ITGB3;SLC2A1;PIK3CD;ATP2A2;PIK3CB;MED16;ACTB;ACTG1;MED17;MED13;CCND1;SIN3A;MYC;AKT2;AKT3;AKT1;PLCE1;EP300;ITGAV;PRKACA;PRKACB;HRAS;NCOA1;MED1;NCOA2;MAP2K1;MAP2K2;PRKCB;PDPK1;NCOA3;DIO2;ATP1B4;TSC2;ATP1B3;PRKCA;MED4;ATP1B1;KAT2B;KAT2A;MED24;NCOR1;PIK3CA;TBC1D4;RAF1;PLCB1;TP53;PFKFB2;NOTCH2;NOTCH3;HDAC2;NOTCH1;PIK3R3;ATP1A3;PIK3R2;ATP1A2;PIK3R1;ATP1A1;HIF1A;FOXO1;MED12L;SLC9A1;RXRB;NRAS;RXRA;MED30;PLCG2;MAPK1;PLCG1;WNT4;MAPK3;CREBBP;BAD;STAT1;SLC16A10;ESR1;MED13L;RCAN1;RHEB;RCAN2;MDM2;CTNNB1;KRAS;PLCD3;PLCD1;PFKP"
"36","Human cytomegalovirus infection","154/225",6.62367978983461e-09,5.66692604241405e-08,0,0,2.22433360791606,41.890017939916,"RB1;ATF2;CALML3;CALML4;ELK1;CRKL;TBK1;CCND1;CREB3L1;MYC;AKT2;CREB3L2;AKT3;AKT1;PRKACA;B2M;PRKACB;IL6R;PDIA3;PDGFRA;MAP2K1;MAP2K2;IL1R1;PRKCB;HLA-B;HLA-C;TSC2;PRKCA;TSC1;HLA-A;HLA-E;ADCY9;RAF1;TP53;ATF4;PXN;ITPR1;PIK3R3;ITPR2;PIK3R2;PIK3R1;PPP3R1;MAP2K6;NFATC3;NFATC2;NFATC1;GNG12;PTK2;NFKB1;NFKBIA;GNAO1;IL6;CXCL12;CDK6;RHEB;SP1;CDK4;GNB2;GNAQ;GNB1;GNAS;MDM2;GNB3;CYCS;CALM3;GRB2;CALR;GNB5;CALM1;CALM2;GSK3B;CDKN1A;CXCL8;ITGB3;PIK3CD;FASLG;PIK3CB;CX3CL1;IKBKB;PPP3CA;AKAP13;PPP3CB;CASP8;CASP3;RAC3;ITGAV;RAC1;IKBKG;CCR5;HRAS;JAK1;ARHGEF11;ARHGEF12;CHUK;TRAF2;RHOA;TAPBP;CREB1;PIK3CA;IRF3;TRAF5;PLCB1;SOS1;SOS2;CRK;CREB5;ROCK1;ATF6B;ROCK2;PTGER3;GNAI3;ADCY3;CXCR4;ADCY1;PTGS2;ADCY6;GNAI1;RELA;EGFR;ADCY5;GNAI2;GNA13;NRAS;GNG3;GNG2;GNG5;GNG4;CCL5;CXCR2;GNA12;E2F1;CCL3;E2F2;CCL2;MAPK1;E2F3;BAK1;BID;MAPK3;IL10RB;CDKN2A;IFNB1;STAT3;MAPK14;MAPK12;VEGFA;MAPK13;MAPK11;RPS6KB1;CTNNB1;FAS;BAX;KRAS;BCAR1"
"37","TNF signaling pathway","84/110",7.32419586572238e-09,6.09689818011485e-08,0,0,3.30436755352854,61.8976855156049,"ATF2;CSF1;TNFAIP3;PIK3CD;PIK3CB;CXCL3;CXCL2;CX3CL1;CXCL5;ICAM1;RPS6KA4;IKBKB;CASP7;RPS6KA5;CASP8;CASP10;CREB3L1;AKT2;CASP3;CREB3L2;AKT3;AKT1;IKBKG;MAP3K7;JUNB;MAP2K3;MAP2K4;MAP2K1;EDN1;CHUK;MMP3;TRAF2;TRAF1;FOS;TNFRSF1B;MMP14;CREB1;PIK3CA;TRAF3;IRF1;TRAF5;PGAM5;BIRC2;ATF4;CREB5;CEBPB;ATF6B;PIK3R3;PIK3R2;PIK3R1;PTGS2;RELA;SOCS3;MAPK9;BAG4;MAPK8;CCL5;CCL2;MAPK1;MAP2K7;MAP2K6;MAPK3;JUN;VCAM1;JAG1;IFNB1;LIF;DAB2IP;CFLAR;MAPK14;NFKB1;MAPK12;MAPK13;NFKBIA;MAPK10;CXCL10;MAPK11;IL6;ITCH;TAB3;FAS;TAB2;TAB1;MAP3K14"
"38","AMPK signaling pathway","90/120",1.03182650000931e-08,8.36322531586491e-08,0,0,3.06899358909128,56.4367979056437,"CRTC2;IRS1;IRS4;PRKAG1;PIK3CD;IRS2;PPP2R2A;SLC2A4;PIK3CB;ELAVL1;IGF1R;GYS1;STK11;EEF2K;CCND1;PPP2R1B;PPP2R1A;PPP2R5E;CREB3L1;AKT2;HNF4A;CREB3L2;AKT3;LEPR;AKT1;MAP3K7;RAB8A;RAB2A;SREBF1;PRKAB2;CPT1A;G6PC;PDPK1;STRADB;ADIPOQ;TSC2;PPP2R5A;TSC1;PPP2R5D;PPP2R5C;CPT1C;CPT1B;SIRT1;CCNA2;CREB1;PIK3CA;AKT1S1;ULK1;PPARG;CREB5;PFKFB2;PFKFB4;PRKAA1;PFKFB3;PRKAA2;CAB39;PIK3R3;PIK3R2;PIK3R1;HMGCR;FOXO3;ADIPOR1;ADIPOR2;ACACB;FOXO1;ACACA;CAMKK2;PPP2CA;PPP2CB;PCK1;PPARGC1A;INSR;SCD5;IGF1;PPP2R3A;EEF2;RAB11B;RAB10;PFKL;G6PC3;RPS6KB1;PPP2R2C;RAB14;RHEB;SCD;PPP2R2B;FASN;LEP;PFKM;PFKP"
"39","Measles","101/138",1.23768475033429e-08,9.77453597699901e-08,0,0,2.79369038965616,50.8659452493244,"CBLB;CCND3;CCND2;TBK1;CCND1;AKT2;AKT3;AKT1;IL12B;MAP3K7;IFNAR2;CSNK2A1;CSNK2A3;CSNK2A2;CCNE2;CCNE1;TP53;IFNAR1;PIK3R3;PIK3R2;PIK3R1;IRAK1;SLAMF1;STAT5A;HSPA8;JUN;EIF2AK1;HSPA6;MSN;EIF2AK2;EIF2AK4;HSPA2;EIF2S1;NFKB1;NFKBIA;MAVS;IL6;CDK6;CD209;CDK4;CDK2;CD28;BCL2;CYCS;TAB2;BCL2L1;NFKBIB;GSK3B;CDKN1B;TNFAIP3;PIK3CD;FASLG;CD3G;ADAR;PIK3CB;CD3D;BBC3;IKBKB;CASP8;CASP3;RACK1;IKBKG;JAK3;IKBKE;JAK1;APAF1;CHUK;IRAK4;FOS;IL1A;PIK3CA;IRF3;TRAF3;OAS2;TRAF6;OAS3;TLR7;CD46;TLR4;IRF9;RCHY1;RELA;MAPK9;MAPK8;BAK1;BID;BAD;STAT1;IFNB1;STAT2;MX1;STAT3;MAPK10;IL2RA;IL2RB;FAS;BAX;EIF3H;RAB9A;HSPA1B;HSPA1A"
"40","Breast cancer","106/147",2.08014155292876e-08,1.60170899575515e-07,0,0,2.64623829400051,46.8073107388164,"RB1;FGF1;FGF2;IGF1R;FGF5;FGF7;FRAT2;CCND1;FGF9;MYC;AKT2;AKT3;AKT1;MAP2K1;MAP2K2;WNT5A;PGR;RAF1;TP53;NOTCH2;NOTCH3;NOTCH1;SHC3;SHC1;PIK3R3;PIK3R2;PIK3R1;DVL3;WNT1;FGF23;WNT2;WNT3;WNT4;JAG2;WNT10A;FZD3;JUN;FZD2;JAG1;FZD5;GADD45B;FZD4;GADD45A;FZD7;FZD6;FZD9;BRAF;IGF1;ESR1;ESR2;CDK6;SP1;CDK4;FGF19;GRB2;FGFR1;GSK3B;CDKN1A;WNT2B;FLT4;PTEN;PIK3CD;PIK3CB;BRCA1;HEY1;HEY2;POLK;HRAS;NCOA1;APC2;NCOA3;WNT9B;AXIN2;WNT9A;FOS;WNT16;PIK3CA;KIT;SOS1;SOS2;LRP5;DLL1;EGFR;LRP6;DLL4;NRAS;WNT11;ERBB2;E2F1;E2F2;MAPK1;E2F3;HES1;BAK1;MAPK3;TCF7L2;EGF;CSNK1A1;WNT7B;WNT7A;HEYL;APC;RPS6KB1;BAX;CTNNB1;KRAS"
"41","Epstein-Barr virus infection","138/201",2.93699283000648e-08,2.20632632107804e-07,0,0,2.24445970227748,38.9263256840551,"RB1;RBPJ;ICAM1;PSMD8;PSMD6;CCND3;PSMD7;TBK1;CCND2;PSMD4;CCND1;MYC;AKT2;PSMD2;AKT3;PSMD3;AKT1;PSMD1;SKP2;HLA-DOA;B2M;MAP3K7;HLA-DOB;PDIA3;MAP2K3;IFNAR2;MAP2K4;ENTPD1;HLA-B;HLA-C;HLA-A;RUNX3;HLA-E;CCNE2;CCNE1;BTK;TP53;IFNAR1;PSMD12;PSMD11;PIK3R3;PIK3R2;PIK3R1;BCL2L11;IRAK1;CD19;PLCG2;MAP2K7;HLA-DQA1;MAP2K6;LYN;HLA-DRB5;JUN;GADD45B;GADD45A;EIF2AK2;NFKB1;SEM1;NFKBIA;CXCL10;MAVS;IL6;SNW1;CDK6;CDK4;CDK2;MDM2;BCL2;HLA-DRA;CYCS;TAB2;CALR;TAB1;NFKBIE;MAP3K14;HLA-DRB1;NFKBIB;CDKN1A;CDKN1B;TNFAIP3;PIK3CD;CD3G;PIK3CB;CD3D;IKBKB;CASP8;SIN3A;CASP3;RAC1;IKBKG;POLK;JAK3;IKBKE;HLA-DPA1;JAK1;SYK;APAF1;CHUK;TRAF2;IRAK4;TAPBP;CCNA2;PIK3CA;IRF3;TRAF3;OAS2;TRAF6;OAS3;TRAF5;CD44;IRF9;RBPJL;HDAC2;RELA;MAPK9;MAPK8;E2F1;E2F2;E2F3;HES1;BAK1;BID;STAT1;IFNB1;STAT2;STAT3;MAPK14;MAPK12;MAPK13;MAPK10;MAPK11;PSMC4;PSMC1;NEDD4;PSMC2;FAS;BAX;VIM"
"42","HIF-1 signaling pathway","76/100",5.42341204836862e-08,3.97716883547032e-07,0,0,3.23681536429225,54.1517773214357,"CDKN1A;FLT1;CDKN1B;TFRC;SERPINE1;SLC2A1;PIK3CD;ENO1;PIK3CB;ENO2;ENO4;HK2;IGF1R;HK1;AKT2;AKT3;AKT1;EP300;TIMP1;ELOC;IL6R;PDK1;MAP2K1;EDN1;MAP2K2;PRKCB;IFNGR1;IFNGR2;RPS6;CYBB;ARNT;PRKCA;RBX1;PIK3CA;EIF4E2;ALDOA;TLR4;GAPDH;CAMK2D;PFKFB3;CAMK2A;PIK3R3;PIK3R2;PIK3R1;PDHB;HIF1A;RELA;EGFR;LDHA;MKNK2;ERBB2;PLCG2;PGK1;HMOX1;MAPK1;PLCG1;VHL;EIF4E;CAMK2G;MAPK3;EGLN1;ANGPT4;CREBBP;EGLN3;PDHA1;EGLN2;EGF;INSR;STAT3;IGF1;NFKB1;VEGFA;IL6;PFKL;RPS6KB1;BCL2"
"43","Longevity regulating pathway","77/102",7.34356847013755e-08,5.26004439256364e-07,0,0,3.14823577235772,51.7156152202318,"ATF2;CLPB;IRS1;IRS4;PRKAG1;EHMT1;PIK3CD;IRS2;PIK3CB;IGF1R;STK11;SESN3;CREB3L1;AKT2;SESN1;RB1CC1;CREB3L2;AKT3;SESN2;AKT1;PRKACA;PRKACB;HRAS;APPL1;PRKAB2;ADIPOQ;TSC2;TSC1;ATG13;SIRT1;ADCY9;CREB1;PIK3CA;AKT1S1;ULK1;PPARG;EIF4E2;TP53;ATF4;CREB5;PRKAA1;HDAC2;PRKAA2;ATF6B;PIK3R3;ADCY3;PIK3R2;PIK3R1;ADCY1;FOXO3;ADIPOR1;ADIPOR2;FOXO1;RELA;ADCY6;ADCY5;CAMKK2;NRAS;EIF4EBP2;PPARGC1A;EIF4E;KL;HSPA8;INSR;HSPA6;IGF1;HSPA2;SOD2;NFKB1;SOD1;RPS6KB1;RHEB;CAMK4;BAX;KRAS;HSPA1B;HSPA1A"
"44","Osteoclast differentiation","92/127",1.23091894511911e-07,8.61643261583379e-07,0,0,2.68823264267539,42.770680963817,"SPI1;NCF1;CSF1;ITGB3;SIRPG;FHL2;PIK3CD;PIK3CB;IKBKB;PPP3CA;PPP3CB;FCGR3B;AKT2;CTSK;AKT3;AKT1;SIRPA;RAC1;IKBKG;MAP3K7;JUNB;JAK1;IFNAR2;MAP2K1;SYK;CHUK;IL1R1;IFNGR1;IFNGR2;MITF;TRAF2;GAB2;FOS;TGFBR1;OSCAR;TGFBR2;IL1A;CREB1;PIK3CA;TRAF6;BTK;PPARG;SQSTM1;IRF9;IFNAR1;PIK3R3;PIK3R2;TNFRSF11B;PIK3R1;TNFRSF11A;LILRA2;RELA;SOCS3;MAPK9;PPP3R1;MAPK8;CALCR;SOCS1;PLCG2;MAPK1;FYN;MAP2K7;MAP2K6;MAPK3;TGFB2;JUN;TGFB1;JUND;STAT1;IFNB1;STAT2;NFATC2;NFATC1;LILRB1;LILRB2;MAPK14;NFKB1;MAPK12;FOSL2;MAPK13;FOSL1;NFKBIA;MAPK10;CYLD;MAPK11;FCGR2A;CAMK4;FOSB;TAB2;GRB2;TAB1;MAP3K14"
"45","Insulin signaling pathway","98/137",1.34215577772387e-07,9.18631065642116e-07,0,0,2.57040118451667,40.6735619197301,"IRS1;INPPL1;IRS4;CALML3;CBLB;IRS2;CALML4;ELK1;CRKL;PPP1CB;PPP1CC;AKT2;AKT3;AKT1;PRKACA;PRKACB;PRKAB2;MAP2K1;G6PC;MAP2K2;RPS6;TSC2;TSC1;PHKA1;PPP1R3F;PPP1R3B;PRKAR1A;PPP1R3E;PPP1R3D;RAF1;SHC3;SHC1;PIK3R3;PIK3R2;PIK3R1;PRKCZ;ACACB;FOXO1;ACACA;SOCS3;SOCS1;PRKAR2B;PRKAR2A;PCK1;PPARGC1A;SOCS4;INSR;PHKB;BRAF;G6PC3;RHEB;FASN;CALM3;GRB2;CALM1;CALM2;GSK3B;PDE3B;PRKAG1;PIK3CD;SLC2A4;PIK3CB;PTPRF;HK2;HK1;IKBKB;GYS1;FLOT2;HRAS;SREBF1;EXOC7;PDPK1;PIK3CA;RAPGEF1;EIF4E2;SOS1;SOS2;CRK;RHOQ;PRKAA1;PRKAA2;CBL;MAPK9;NRAS;MAPK8;PHKG1;MKNK2;PHKG2;MAPK1;EIF4E;MAPK3;PTPN1;BAD;GCK;PPP1CA;MAPK10;RPS6KB1;KRAS"
"46","Rap1 signaling pathway","139/206",1.37296197808348e-07,9.19287585325461e-07,0,0,2.12512402194387,33.5793507726851,"CSF1;CTNND1;ITGA2B;CALML3;CALML4;FGF1;FGF2;ACTB;CRKL;ACTG1;IGF1R;FGF5;FGF7;FGF9;CDH1;AKT2;AKT3;KDR;AKT1;PLCE1;PDGFRB;MAP2K3;PDGFRA;MAP2K1;MAP2K2;PRKCB;MAGI3;F2R;MAGI2;PRKCA;TIAM1;ADCY9;PRKD3;PARD3;PRKD2;TLN2;PRKD1;TLN1;PFN1;RAF1;EPHA2;PFN2;PDGFB;LPAR1;FPR1;LPAR2;PIK3R3;LPAR3;PIK3R2;PIK3R1;EFNA5;PRKCZ;RASGRP3;RAP1B;GRIN2A;RAP1A;PDGFC;PLCG1;RALGDS;FGF23;MAP2K6;VASP;NGFR;FYB1;INSR;BRAF;IGF1;GRIN2B;EFNA1;GNAO1;EFNA3;EFNA2;GNAQ;FGF19;ID1;GNAS;CALM3;CALM1;FGFR4;CALM2;FGFR3;FGFR1;ITGB1;DOCK4;FLT1;FLT4;ITGB3;PIK3CD;PIK3CB;SIPA1L2;RAC3;RAC1;HRAS;RHOA;VAV2;MRAS;PIK3CA;KIT;RAPGEF1;RAPGEF2;RAPGEF5;PLCB1;RAPGEF6;MET;CRK;RAPGEF3;GNAI3;ADCY3;PARD6G;ADCY1;THBS1;ADCY6;GNAI1;EGFR;ADCY5;GNAI2;CDC42;NRAS;PARD6B;CNR1;P2RY1;KRIT1;MAPK1;MAPK3;FARP2;ANGPT4;EGF;VEGFB;MAPK14;MAPK12;VEGFA;MAPK13;MAPK11;KITLG;CTNNB1;KRAS;SIPA1;BCAR1;F2RL3"
"47","Cell cycle","90/124",1.45288418342033e-07,9.52102826581833e-07,0,0,2.70685805613586,42.6182484142607,"RB1;YWHAE;CDKN1C;GSK3B;CDKN1A;CDKN1B;MCM7;CCNH;YWHAB;SMC3;CDC14B;CDC20;CCND3;CDC23;CCND2;CCND1;YWHAQ;CHEK2;MYC;CHEK1;CDC27;EP300;SKP2;YWHAG;SKP1;YWHAH;ANAPC7;CDC25C;SMC1A;YWHAZ;CDC25A;CDC25B;RBX1;CCNA2;RBL2;TFDP1;CCNE2;TFDP2;CCNE1;MCM3;MCM4;MCM5;MCM6;TP53;ANAPC1;ANAPC2;HDAC2;PCNA;PRKDC;PKMYT1;CCNB2;ORC4;CCNB1;FZR1;ORC6;ORC1;RAD21;ABL1;E2F1;E2F2;SFN;E2F3;E2F4;BUB3;E2F5;BUB1;SMAD2;TGFB2;CREBBP;SMAD4;TGFB1;SMAD3;CDKN2C;GADD45B;GADD45A;CDKN2A;PLK1;CDC7;CDC6;MAD2L2;STAG1;CDK7;WEE1;STAG2;CDK6;CDK4;CDK2;MDM2;CDK1;ATM"
"48","Endometrial cancer","48/58",1.57862526716645e-07,1.01295121309847e-06,0,0,4.89921977910629,76.7293327452735,"GSK3B;CDKN1A;PTEN;ILK;PIK3CD;PIK3R3;PIK3R2;PIK3CB;PIK3R1;FOXO3;ELK1;EGFR;NRAS;CCND1;CDH1;MYC;AKT2;AKT3;ERBB2;CTNNA1;AKT1;MAPK1;POLK;BAK1;HRAS;MAPK3;APC2;TCF7L2;MAP2K1;MAP2K2;GADD45B;PDPK1;EGF;BAD;GADD45A;BRAF;AXIN2;MLH1;PIK3CA;APC;BAX;CTNNB1;KRAS;GRB2;RAF1;SOS1;SOS2;TP53"
"49","Insulin resistance","80/108",1.68957951180283e-07,1.06202140741892e-06,0,0,2.9204606514762,45.5405418329044,"GSK3B;SLC27A1;CRTC2;IRS1;SLC2A1;PTEN;PRKAG1;PIK3CD;IRS2;SLC2A4;PIK3CB;PTPRF;PPP1CB;IKBKB;PPP1CC;RPS6KA3;GYS1;RPS6KA6;CREB3L1;AKT2;RPS6KA2;CREB3L2;AKT3;RPS6KA1;MLX;AKT1;SREBF1;PRKAB2;CPT1A;G6PC;PRKCB;PDPK1;PRKCE;PRKCD;CPT1B;CREB1;PIK3CA;TBC1D4;PPP1R3B;PPP1R3E;PPP1R3D;TRIB3;SLC27A2;SLC27A4;CREB5;PRKAA1;PRKAA2;PIK3R3;PIK3R2;PIK3R1;PRKCZ;ACACB;FOXO1;RELA;PTPA;SOCS3;MAPK9;MAPK8;PCK1;PPARGC1A;PPARGC1B;MLXIP;PTPN1;INSR;GFPT2;NR1H2;GFPT1;STAT3;OGA;NR1H3;PTPN11;NFKB1;PPP1CA;NFKBIA;MAPK10;MLXIPL;IL6;G6PC3;RPS6KB1;OGT"
"50","Adherens junction","57/72",2.18827911137936e-07,1.34797993260968e-06,0,0,3.88016227180527,59.5022116494061,"CTNND1;PTPRM;PTPRJ;WASL;PTPRF;ACTB;ACTG1;IGF1R;CDH1;EP300;RAC3;RAC1;MAP3K7;ACP1;CSNK2A1;ACTN1;CSNK2A3;CSNK2A2;LMO7;ACTN4;RHOA;TGFBR1;TGFBR2;PARD3;MET;SSX2IP;VCL;IQGAP1;NLK;EGFR;CDC42;ERBB2;CTNNA1;MAPK1;FYN;WASF2;WASF3;MAPK3;FARP2;SMAD2;PTPN1;TCF7L2;CREBBP;SMAD4;YES1;SMAD3;INSR;TJP1;FER;PTPRB;SNAI1;SNAI2;CTNNB1;NECTIN4;NECTIN3;FGFR1;NECTIN1"
"51","Hepatitis C","108/155",2.84470347755424e-07,1.71797778644452e-06,0,0,2.35104973070758,35.4365187240835,"RB1;SCARB1;CD81;PPP2R2A;IFIT1;CLDN1;TBK1;CCND1;PPP2R1B;PPP2R1A;MYC;AKT2;AKT3;AKT1;IFNAR2;MAP2K1;MAP2K2;PIAS1;CLDN4;PSME3;RAF1;TP53;IFNAR1;PIK3R3;PIK3R2;PIK3R1;SOCS3;EIF2AK1;EIF2AK2;BRAF;EIF2AK4;EIF2S1;NFKB1;NFKBIA;CXCL10;OCLN;MAVS;CDK6;CDK4;CDK2;CYCS;GRB2;YWHAE;GSK3B;CDKN1A;YWHAB;PIK3CD;FASLG;PIK3CB;IKBKB;CASP8;YWHAQ;CASP3;IKBKG;HRAS;IKBKE;YWHAG;YWHAH;JAK1;APAF1;CHUK;TRAF2;YWHAZ;CLDN11;PIK3CA;CLDN15;IRF3;TRAF3;OAS2;TRAF6;OAS3;CLDN19;CLDN16;SOS1;SOS2;IRF9;TLR3;RNASEL;RELA;EGFR;PPP2CA;PPP2CB;NRAS;RXRA;E2F1;E2F2;MAPK1;E2F3;BAK1;BID;LDLR;MAPK3;EGF;BAD;STAT1;IFNB1;STAT2;MX1;STAT3;NR1H3;CFLAR;PPP2R2C;PPP2R2B;FAS;BAX;CTNNB1;KRAS;EIF3E"
"52","B cell receptor signaling pathway","56/71",3.52073912248439e-07,2.08536086485614e-06,0,0,3.8117026670723,56.6397087807793,"GSK3B;IFITM1;CD81;INPPL1;PIK3CD;PIK3CB;IKBKB;PPP3CA;PPP3CB;AKT2;AKT3;AKT1;RAC3;RAC1;IKBKG;HRAS;VAV3;MAP2K1;MAP2K2;SYK;CHUK;PRKCB;FOS;VAV2;PIK3CA;BTK;RAF1;SOS1;SOS2;CARD11;PIK3R3;DAPP1;PIK3R2;PIK3R1;BCL10;RELA;MALT1;RASGRP3;NRAS;PPP3R1;CD19;PLCG2;MAPK1;MAPK3;LYN;JUN;NFATC3;NFATC2;NFATC1;NFKB1;NFKBIA;KRAS;GRB2;NFKBIE;PIK3AP1;NFKBIB"
"53","PI3K-Akt signaling pathway","222/354",3.63901532804788e-07,2.11474853026179e-06,0,0,1.72622720240049,25.593704819526,"ATF2;PPP2R2A;PPP2R1B;PPP2R1A;CREB3L1;MYC;AKT2;MYB;CREB3L2;AKT3;KDR;AKT1;PRKCA;EREG;CDC37;DDIT4;TP53;EPHA2;ATF4;PDGFB;LPAR1;LPAR2;TGFA;PIK3R3;LPAR3;PIK3R2;PIK3R1;PIK3R6;PIK3R5;CD19;PDGFC;PCK1;NGFR;INSR;IGF2;FN1;IGF1;GNG12;PTK2;COL1A1;COL1A2;COL9A1;GRB2;COL9A2;CDKN1A;CDKN1B;BRCA1;IKBKB;GYS1;RAC1;IKBKG;HRAS;JAK3;JAK1;SYK;OSMR;KIT;SGK3;SGK1;SGK2;TLR4;PHLPP2;PHLPP1;PKN3;RELA;EGFR;PPP2CA;PPP2CB;NRAS;RXRA;IFNB1;VEGFB;VEGFA;KITLG;PKN2;CSF3;CRTC2;CSF1;IRS1;ITGA2B;TNC;FGF1;FGF2;IGF1R;FGF5;CCND3;FGF7;STK11;CCND2;CCND1;FGF9;TNR;IL6R;PDGFRB;IFNAR2;PDGFRA;MAP2K1;G6PC;MAP2K2;RPS6;F2R;MAGI2;TSC2;TSC1;PRLR;CCNE2;COL4A2;COL4A1;CCNE1;COL4A4;COL4A3;COL4A5;RAF1;IFNAR1;FOXO3;EFNA5;HSP90B1;BCL2L11;THEM4;FGF23;MCL1;BDNF;NFKB1;EFNA1;EFNA3;IL6;EFNA2;G6PC3;CDK6;RHEB;CDK4;GNB2;FGF19;ITGA11;GNB1;CDK2;MDM2;BCL2;GNB3;GNB5;FGFR4;IL7R;FGFR3;BCL2L1;FGFR1;YWHAE;ITGB1;GSK3B;FLT1;HSP90AB1;YWHAB;FLT4;ITGB3;PTEN;PIK3CD;FASLG;LAMC2;PIK3CB;LAMC1;PIK3CG;YWHAQ;PPP2R5E;ITGB8;ITGAV;YWHAG;YWHAH;HSP90AA1;CHUK;ITGA3;PDPK1;ITGA2;ITGA1;PPP2R5A;PPP2R5D;PPP2R5C;YWHAZ;RBL2;CREB1;PIK3CA;COL6A2;COL6A1;ITGA8;ITGA5;EIF4E2;SOS1;SOS2;MET;CREB5;ITGA9;LAMA5;PRKAA1;PRKAA2;ATF6B;LAMA2;LAMA4;THBS2;THBS1;THBS4;GNG3;GNG2;GNG5;ERBB3;GNG4;ERBB2;MAPK1;EIF4E;MAPK3;ANGPT4;NTRK2;EGF;BAD;LAMB2;LAMB1;PPP2R3A;EPOR;RPS6KB1;PPP2R2C;PPP2R2B;IL2RA;IL2RB;KRAS;PIK3AP1"
"54","Sphingolipid signaling pathway","86/119",3.73983031737106e-07,2.13308840324127e-06,0,0,2.66411444318066,39.4263772638726,"PTEN;PIK3CD;PPP2R2A;PIK3CB;SPTLC1;PPP2R1B;SPTLC2;PPP2R1A;PPP2R5E;SPTLC3;AKT2;SMPD1;AKT3;AKT1;RAC3;RAC1;CTSD;HRAS;CERS4;MAP2K1;ABCC1;MAP2K2;CERS6;PRKCB;PDPK1;PRKCE;PPP2R5A;PRKCA;TRAF2;PPP2R5D;GAB2;PPP2R5C;RHOA;PIK3CA;RAF1;PLCB1;TP53;CERS1;NSMAF;CERS2;OPRD1;ASAH1;ASAH2;ROCK1;SGMS1;ROCK2;GNAI3;PIK3R3;PIK3R2;PIK3R1;SGMS2;PRKCZ;RELA;GNAI1;GNAI2;PPP2CA;GNA13;PPP2CB;MAPK9;SGPL1;NRAS;MAPK8;GNA12;MAPK1;S1PR3;FYN;S1PR2;BID;MAPK3;PPP2R3A;MAPK14;SGPP2;NFKB1;MAPK12;SGPP1;MAPK13;ACER2;MAPK10;MAPK11;PPP2R2C;PPP2R2B;GNAQ;BCL2;BAX;DEGS1;KRAS"
"55","TGF-beta signaling pathway","68/90",3.99540473534844e-07,2.2206041088055e-06,0,0,3.15744099539409,46.5184227329428,"BMPR2;ZFYVE9;PPP2R1B;PPP2R1A;HJV;MYC;EP300;AMH;PITX2;NEO1;SKP1;ACVR1;TGIF1;LEFTY1;TGIF2;FST;NOG;RGMB;RHOA;TGFBR1;RGMA;TGFBR2;RBX1;ZFYVE16;TFDP1;NBL1;ROCK1;ACVR1B;THBS1;LTBP1;PPP2CA;PPP2CB;MAPK1;E2F4;E2F5;LEFTY2;MAPK3;SMAD2;SMAD1;TGFB2;CREBBP;SMAD4;TGFB1;SMAD3;SMURF2;SMURF1;BMP8A;BMP8B;SMAD9;INHBB;INHBA;SMAD6;BMP7;ACVR2B;SMAD5;ACVR2A;GDF7;SMAD7;RPS6KB1;SP1;BAMBI;ID2;ID1;ID4;ID3;BMPR1B;FMOD;BMPR1A"
"56","Shigellosis","52/65",4.03746201601001e-07,2.2206041088055e-06,0,0,4.08312214901166,60.113681605048,"ITGB1;CXCL8;ARPC1B;UBE2D2;ARPC1A;WASL;ACTB;CRKL;ACTG1;IKBKB;RAC1;IKBKG;BTRC;CHUK;FBXW11;RIPK2;RHOG;CTTN;ELMO2;HCLS1;ITGA5;PFN1;DOCK1;CRK;CD44;VCL;PFN2;ROCK1;ROCK2;U2AF1;RELA;CDC42;MAPK9;MAPK8;ABL1;MAPK1;WASF2;MAPK3;ARPC4;ARPC5;MAPK14;MAPK12;NFKB1;MAPK13;NFKBIA;MAPK10;MAD2L2;MAPK11;DIAPH1;ARPC2;ARPC3;NFKBIB"
"57","Phosphatidylinositol signaling system","73/99",7.8467359384666e-07,4.23999064745212e-06,0,0,2.86844387834839,40.3245783326186,"DGKG;PI4K2B;DGKE;DGKD;MTMR14;INPPL1;PTEN;PIK3CD;CALML3;CALML4;PIK3CB;PIK3C2A;PIK3C2B;PIP4P2;PIP4P1;PPIP5K2;IMPA2;PIP4K2A;PLCE1;PIP4K2B;PIP4K2C;PRKCB;SACM1L;IPMK;ITPK1;OCRL;PRKCA;INPP4A;ITPKB;INPP4B;ITPKC;PIK3CA;DGKQ;IMPAD1;PIK3C3;PLCB1;DGKH;CDS1;IPPK;MTMR1;MTMR2;MTMR3;ITPR1;ITPR2;PIK3R3;PIK3R2;PIK3R1;MTMR4;MTMR6;MTM1;INPP5B;INPP5A;INPP5F;INPP5E;PLCG2;INPP5J;PIP5K1A;PLCG1;PIP5K1C;IP6K1;CDIPT;IP6K3;IP6K2;SYNJ2;PIKFYVE;PI4KA;CALM3;PI4KB;CALM1;PLCD3;CALM2;PLCD1;CDS2"
"58","Gastric cancer","103/149",9.69639867606048e-07,4.98712528789734e-06,0,0,2.29000939208407,31.7082511762119,"RB1;FGF1;FGF2;FGF5;FGF7;FRAT2;CCND1;FGF9;CDH1;MYC;AKT2;AKT3;AKT1;MAP2K1;MAP2K2;WNT5A;CCNE2;CCNE1;RAF1;TP53;SHC3;ABCB1;SHC1;PIK3R3;PIK3R2;PIK3R1;TERT;DVL3;WNT1;FGF23;WNT2;WNT3;WNT4;SMAD2;TGFB2;WNT10A;FZD3;SMAD4;TGFB1;SMAD3;FZD2;FZD5;GADD45B;FZD4;GADD45A;FZD7;REG4;FZD6;FZD9;BRAF;FGF19;CDK2;BCL2;GRB2;GSK3B;CDKN1A;WNT2B;CDKN1B;PIK3CD;PIK3CB;SHH;POLK;HRAS;APC2;GAB1;WNT9B;AXIN2;WNT9A;WNT16;TGFBR1;TGFBR2;PIK3CA;RARB;SOS1;SOS2;MET;LRP5;EGFR;LRP6;RXRB;NRAS;RXRA;WNT11;ERBB2;E2F1;CTNNA1;E2F2;MAPK1;E2F3;BAK1;MAPK3;TCF7L2;CDX2;EGF;CSNK1A1;WNT7B;WNT7A;MLH1;APC;RPS6KB1;BAX;CTNNB1;KRAS"
"59","Non-alcoholic fatty liver disease (NAFLD)","103/149",9.69639867606048e-07,4.98712528789734e-06,0,0,2.29000939208407,31.7082511762119,"NDUFA13;NDUFA11;IRS1;NDUFA12;NDUFA10;IRS2;COX6A1;NDUFC2-KCTD14;AKT2;AKT3;LEPR;AKT1;IL6R;PRKAB2;ADIPOQ;SDHC;SDHD;SDHB;COX6B1;ERN1;COX7A2L;UQCRC2;ATF4;UQCRB;NDUFB11;PIK3R3;PIK3R2;PIK3R1;ADIPOR1;ADIPOR2;SOCS3;BCL2L11;NDUFV3;NDUFV1;XBP1;JUN;TGFB1;INSR;EIF2S1;NFKB1;MLXIPL;IL6;UQCRQ;CYCS;MAP3K11;GSK3B;GSK3A;COX7B;CXCL8;COX4I1;PRKAG1;PIK3CD;FASLG;PIK3CB;COX7C;IKBKB;CASP7;CASP8;CASP3;MLX;UQCRFS1;RAC1;COX8A;SREBF1;TRAF2;IL1A;NDUFS8;PIK3CA;NDUFS7;NDUFS5;NDUFS3;NDUFS2;NDUFS1;CEBPA;PRKAA1;NDUFB8;PRKAA2;NDUFB6;NDUFB5;NDUFB4;NDUFB2;UQCR11;COX5B;RELA;CDC42;MAPK9;MAPK8;RXRA;BID;MLXIP;NDUFA8;NDUFA7;NDUFA6;NDUFA5;NDUFA3;NDUFA2;NR1H3;COX6C;MAPK10;ITCH;LEP;FAS;BAX"
"60","T cell receptor signaling pathway","74/101",1.00398747980533e-06,4.98712528789734e-06,0,0,2.80004966868728,38.672972820455,"ITK;GSK3B;PIK3CD;CBLB;CD3G;PIK3CB;CD3D;IKBKB;PPP3CA;PPP3CB;AKT2;GRAP2;AKT3;NCK2;AKT1;IKBKG;MAP3K7;HRAS;NCK1;VAV3;MAP2K1;MAP2K2;CHUK;PDPK1;FOS;RHOA;VAV2;PIK3CA;RAF1;SOS1;SOS2;CARD11;PIK3R3;PIK3R2;PIK3R1;BCL10;RASGRP1;RELA;MALT1;CDC42;MAPK9;PPP3R1;NRAS;PAK1;PAK6;MAPK1;FYN;PLCG1;MAP2K7;PAK3;PAK2;PAK5;PAK4;MAPK3;JUN;NFATC3;NFATC2;NFATC1;MAPK14;NFKB1;MAPK12;MAPK13;NFKBIA;MAPK11;DLG1;CD4;CD40LG;CDK4;CD28;GRB2;KRAS;NFKBIE;MAP3K14;NFKBIB"
"61","Fluid shear stress and atherosclerosis","97/139",1.01062260096202e-06,4.98712528789734e-06,0,0,2.36149985452429,32.600373201511,"NCF1;ITGA2B;KEAP1;CALML3;PLAT;CALML4;ACTB;TXN2;ACTG1;ICAM1;CDH5;NPPC;AKT2;AKT3;KDR;AKT1;MAP3K7;ACVR1;PIAS4;MEF2A;MAP2K4;IL1R1;SQSTM1;TP53;SDC4;SDC2;PDGFB;MGST2;PIK3R3;PIK3R2;PIK3R1;PRKCZ;HSP90B1;HMOX1;MAP2K7;MAP2K6;JUN;VCAM1;CAV2;CAV1;NFKB1;PTK2;TRPV4;BCL2;CALM3;CALM1;BMPR1B;CALM2;GSTM5;NFE2L2;BMPR1A;BMPR2;HSP90AB1;ITGB3;PIK3CD;PIK3CB;IKBKB;THBD;SUMO1;CTSL;SUMO2;RAC3;ITGAV;RAC1;IKBKG;EDN1;HSP90AA1;CHUK;GSTO2;DUSP1;GSTO1;MMP2;FOS;RHOA;IL1A;PIK3CA;ARHGEF2;PRKAA1;PRKAA2;GSTP1;RELA;MAPK9;MAPK8;MAPK7;CCL2;NQO1;MAPK14;ACVR2B;ASS1;MAPK12;ACVR2A;KLF2;MAPK13;VEGFA;MAPK10;MAPK11;CTNNB1"
"62","Platelet activation","88/124",1.01102376706357e-06,4.98712528789734e-06,0,0,2.49866042662868,34.4928755706184,"ITGB1;GUCY1B1;ITGB3;ITGA2B;SNAP23;PIK3CD;PIK3CB;ARHGAP35;ACTB;MYLK3;PIK3CG;ACTG1;MYLK;MYLK4;PPP1CB;PPP1CC;AKT2;AKT3;AKT1;PRKG2;PRKACA;PRKACB;FGB;GUCY1A2;ARHGEF12;PPP1R12A;SYK;PLA2G4E;ITGA2;F2R;FGG;PLA2G4A;F2;RHOA;VAMP8;ADCY9;STIM1;PIK3CA;JMJD7-PLA2G4B;BTK;ORAI1;TLN2;TLN1;PLCB1;ROCK1;ROCK2;ITPR1;GNAI3;ITPR2;PIK3R3;ADCY3;PIK3R2;PIK3R1;ADCY1;PRKCZ;RASGRP1;MYL12A;PIK3R6;ADCY6;GNAI1;MYL12B;PIK3R5;ADCY5;GNAI2;RAP1B;GNA13;RAP1A;TBXA2R;P2RY1;PLCG2;MAPK1;FYN;MAPK3;VASP;LYN;MAPK14;GP5;MAPK12;MAPK13;PPP1CA;COL1A1;MAPK11;COL3A1;COL1A2;FCGR2A;GNAQ;GNAS;F2RL3"
"63","Spliceosome","94/134",1.02009380888809e-06,4.98712528789734e-06,0,0,2.40263157894737,33.1457825694979,"ISY1;TCERG1;RBM25;EIF4A3;DDX42;HNRNPU;PRPF19;EFTUD2;SNRPD2;SNRPD1;SNRNP70;DHX15;SNRPD3;TXNL4A;ISY1-RAB43;AQR;NCBP1;NCBP2;PRPF40A;THOC2;PLRG1;WBP11;CRNKL1;CDC40;PRPF4;RBMXL1;PRPF6;PRPF18;DDX39B;SRSF2;SRSF3;SNRNP27;PPIE;SRSF4;SNRPE;RP9;SNRPF;SRSF6;SNRPC;SNRNP200;SRSF7;SLU7;SNRPA;SRSF8;SNRPB;SRSF9;RBM22;SF3B4;SF3B5;DDX5;SF3B2;SF3B3;DHX8;RBM8A;SRSF1;DDX23;SNU13;U2AF1;PRPF8;ZMAT2;U2AF2;PCBP1;TRA2B;TRA2A;HNRNPA1;SF3B1;SRSF10;SMNDC1;SF3A3;HSPA8;PRPF38B;PPIL1;SF3A1;HNRNPA3;PRPF38A;SF3A2;ALYREF;HSPA6;CDC5L;HSPA2;LSM3;U2SURP;CHERP;LSM2;HNRNPM;LSM8;XAB2;HNRNPK;SNW1;ACIN1;HNRNPC;HNRNPA1L2;HSPA1B;HSPA1A"
"64","Central carbon metabolism in cancer","51/65",1.57676288400823e-06,7.58817137928962e-06,0,0,3.7178115316672,49.6704699912009,"SLC2A1;PTEN;PIK3CD;PIK3CB;HK2;GLS;HK1;MYC;AKT2;AKT3;AKT1;SLC16A3;HRAS;PDK1;PDGFRB;PDGFRA;G6PD;MAP2K1;MAP2K2;PGAM1;SLC7A5;PKM;PIK3CA;KIT;PGAM4;RAF1;TP53;MET;PIK3R3;PIK3R2;PDHB;SLC1A5;PIK3R1;HIF1A;EGFR;NRAS;LDHA;ERBB2;MAPK1;MAPK3;TIGAR;PDHA1;IDH1;NTRK3;GCK;PFKL;KRAS;PFKM;FGFR3;PFKP;FGFR1"
"65","Relaxin signaling pathway","91/130",1.7492906947179e-06,8.28894667650944e-06,0,0,2.38510075310401,31.6176115176381,"ATF2;RXFP4;PIK3CD;ARRB1;PIK3CB;ARRB2;CREB3L1;AKT2;CREB3L2;AKT3;AKT1;PRKACA;PRKACB;HRAS;MAP2K4;MAP2K1;EDN1;MAP2K2;MMP2;PRKCA;FOS;TGFBR1;TGFBR2;ACTA2;ADCY9;CREB1;COL4A2;PIK3CA;COL4A1;COL4A4;COL4A3;COL4A5;RAF1;SOS1;PLCB1;SOS2;ATF4;CREB5;SHC3;ATF6B;SHC1;GNAI3;PIK3R3;ADCY3;PIK3R2;PIK3R1;ADCY1;PRKCZ;RELA;EGFR;ADCY6;GNAI1;ADCY5;GNAI2;MAPK9;NRAS;GNG3;MAPK8;GNG2;GNG5;GNG4;MAPK1;MAP2K7;MAPK3;SMAD2;JUN;TGFB1;SMAD3;VEGFB;GNG12;MAPK14;NFKB1;MAPK12;MAPK13;VEGFA;COL1A1;NFKBIA;GNAO1;MAPK10;MAPK11;COL3A1;COL1A2;GNB2;GNB1;GNAS;RLN2;GNB3;GRB2;KRAS;GNB5;RLN1"
"66","Influenza A","115/171",2.06650552728373e-06,9.64369246065741e-06,0,0,2.10071013204302,27.497563590392,"ATF2;ACTB;ACTG1;ICAM1;PYCARD;TBK1;AKT2;AKT3;TNFSF10;AKT1;IL12B;EP300;TRIM25;KPNA2;HLA-DOA;HLA-DOB;KPNA1;AGFG1;MAP2K3;IFNAR2;MAP2K4;MAP2K1;MAP2K2;PRKCB;PRKCA;DDX39B;HNRNPUL1;NUP98;RAF1;IFNAR1;NLRX1;PIK3R3;PIK3R2;PIK3R1;SOCS3;MAP2K7;HLA-DQA1;MAP2K6;IVNS1ABP;CPSF4;FDPS;HSPA8;CREBBP;HLA-DRB5;JUN;EIF2AK1;HSPA6;TNFRSF10B;EIF2AK2;TNFRSF10A;EIF2AK4;HSPA2;EIF2S1;NFKB1;NFKBIA;CXCL10;MAVS;IL6;HLA-DRA;CYCS;HLA-DRB1;NFKBIB;GSK3B;CIITA;CXCL8;PIK3CD;FASLG;ADAR;PIK3CB;NXT2;IKBKB;XPO1;CASP1;IKBKE;HLA-DPA1;JAK1;IFNGR1;IFNGR2;IRAK4;IL1A;PIK3CA;IRF3;OAS2;OAS3;TLR7;TLR4;IRF9;TLR3;SLC25A6;RNASEL;TMPRSS4;FURIN;RELA;DNAJB1;MAPK9;MAPK8;PABPN1;CCL5;CCL2;MAPK1;BCL2L2-PABPN1;MAPK3;STAT1;IFNB1;STAT2;MX1;MAPK14;PML;MAPK12;MAPK13;MAPK10;MAPK11;FAS;HSPA1B;HSPA1A"
"67","Ras signaling pathway","150/232",2.31705142186353e-06,1.06515199691637e-05,0,0,1.87309431710064,24.3038017034296,"CSF1;CALML3;CALML4;FGF1;ELK1;FGF2;ETS1;ETS2;IGF1R;FGF5;FGF7;HTR7;TBK1;SYNGAP1;FGF9;AKT2;AKT3;KDR;AKT1;PLCE1;PRKACA;PRKACB;PDGFRB;PDGFRA;RALBP1;MAP2K1;MAP2K2;PRKCB;PRKCA;TIAM1;RAF1;EPHA2;RAB5B;RAB5C;SHC3;SHC1;PDGFB;TGFA;PIK3R3;PIK3R2;PIK3R1;PLA2G5;RASAL2;FOXO4;EFNA5;STK4;RASGRP1;RASGRP3;RAP1B;GRIN2A;RAP1A;PDGFC;PLCG2;ABL1;ABL2;PLCG1;RALGDS;FGF23;NGFR;BDNF;INSR;IGF2;IGF1;GNG12;GRIN2B;NFKB1;EFNA1;EFNA3;EFNA2;GNB2;FGF19;GNB1;REL;NF1;GNB3;CALM3;GRB2;GNB5;CALM1;RGL1;FGFR4;CALM2;RGL2;RAB5A;FGFR3;BCL2L1;FGFR1;FLT1;RASGRF2;FLT4;RASGRF1;PIK3CD;FASLG;PIK3CB;IKBKB;RAC3;RAC1;IKBKG;HRAS;PLA2G12A;CHUK;PLA2G4E;GAB1;RRAS2;PLA2G4A;GAB2;KSR2;RHOA;MRAS;PIK3CA;RASA4;JMJD7-PLA2G4B;KIT;RASA2;RAPGEF5;SOS1;SOS2;MET;ARF6;RELA;EGFR;CDC42;MAPK9;NRAS;PAK1;GNG3;MAPK8;GNG2;GNG5;GNG4;PAK6;MAPK1;SHOC2;PAK3;PAK2;PAK5;PAK4;MAPK3;ANGPT4;NTRK2;PLA2G2D;EGF;BAD;PLA2G2C;VEGFB;PTPN11;VEGFA;MAPK10;KITLG;KRAS"
"68","Wnt signaling pathway","107/158",2.8060384507085e-06,1.26535271395733e-05,0,0,2.14551777897703,27.4277347435273,"CCND3;FRAT2;CCND2;CCND1;SOX17;MYC;RUVBL1;CCN4;EP300;BTRC;PRKACA;MAP3K7;PRKACB;SKP1;RNF43;CSNK2A1;FBXW11;PRKCB;CSNK2A3;WNT5A;CSNK2A2;PRKCA;CSNK1E;DKK1;RBX1;SFRP1;DAAM1;TBL1XR1;DAAM2;ROR1;TP53;CTBP2;CTBP1;NLK;PORCN;PPP3R1;DVL3;WNT1;WNT2;WNT3;WNT4;CREBBP;WNT10A;FZD3;SMAD4;JUN;SMAD3;FZD2;FZD5;FZD4;FZD7;SIAH1;FZD6;FZD9;NFATC3;NFATC2;NFATC1;VANGL1;FOSL1;VANGL2;BAMBI;INVS;GSK3B;WNT2B;CHD8;PPP3CA;PPP3CB;RAC3;RSPO1;RAC1;APC2;WNT9B;CACYBP;AXIN2;WNT9A;WNT16;SENP2;RHOA;PLCB1;PPARD;CAMK2D;ROCK2;CAMK2A;LRP5;PRICKLE2;PRICKLE1;NKD1;PRICKLE4;LRP6;NKD2;MAPK9;MAPK8;WNT11;ZNRF3;GPC4;TBL1X;CAMK2G;TCF7L2;RYK;CSNK1A1;WNT7B;WNT7A;MAPK10;APC;CTNNB1;LGR5;LGR4"
"69","Melanoma","55/72",2.83471874230702e-06,1.26535271395733e-05,0,0,3.30221766256695,42.1811013179709,"RB1;CDKN1A;PTEN;PIK3CD;PIK3CB;FGF1;FGF2;IGF1R;FGF5;FGF7;CCND1;FGF9;CDH1;AKT2;AKT3;AKT1;POLK;HRAS;PDGFRB;PDGFRA;MAP2K1;MAP2K2;MITF;PIK3CA;RAF1;TP53;MET;PDGFB;PIK3R3;PIK3R2;PIK3R1;EGFR;NRAS;PDGFC;E2F1;E2F2;MAPK1;E2F3;BAK1;FGF23;MAPK3;GADD45B;EGF;BAD;CDKN2A;GADD45A;BRAF;IGF1;CDK6;CDK4;FGF19;MDM2;BAX;KRAS;FGFR1"
"70","Apoptosis","98/143",3.23608853235396e-06,1.42387895423574e-05,0,0,2.2263502732797,28.1436170718476,"ACTB;ACTG1;AKT2;AKT3;CAPN2;TNFSF10;AKT1;MAP2K1;MAP2K2;ERN1;RAF1;TP53;ATF4;DIABLO;ITPR1;HTRA2;ITPR2;PIK3R3;PIK3R2;PIK3R1;BCL2L11;PMAIP1;MCL1;NGFR;JUN;GADD45B;GADD45A;TNFRSF10B;TNFRSF10A;EIF2S1;NFKB1;NFKBIA;BCL2;CYCS;ATM;MAP3K14;BCL2L1;HRK;CTSZ;PIK3CD;FASLG;PIK3CB;CTSV;LMNB2;CTSS;LMNB1;BBC3;IKBKB;PIDD1;TUBA1C;CASP7;TUBA1B;CASP8;CASP10;CTSL;CTSK;CASP3;CASP2;IKBKG;CTSD;HRAS;SPTAN1;CTSC;CTSB;DFFB;DFFA;APAF1;CHUK;PARP1;PARP2;PDPK1;TRAF2;TRAF1;FOS;PIK3CA;BIRC5;BIRC6;BIRC2;BECN1;TUBAL3;BCL2A1;XIAP;RELA;MAPK9;NRAS;MAPK8;LMNA;MAPK1;BAK1;BID;MAPK3;BAD;DAB2IP;CFLAR;MAPK10;FAS;BAX;KRAS"
"71","Epithelial cell signaling in Helicobacter pylori infection","52/68",5.00355102147372e-06,2.17055452762522e-05,0,0,3.31654840344653,40.4796761539869,"CXCL8;F11R;IKBKB;CASP3;RAC1;IKBKG;ATP6V1E1;GIT1;MAP2K4;ATP6V1G1;ATP6V0B;ATP6V0E1;ATP6AP1;CHUK;ADAM10;ADAM17;ATP6V1B2;ATP6V0D1;MET;ATP6V0D2;ATP6V1B1;ATP6V1A;RELA;EGFR;CDC42;MAPK9;PAK1;MAPK8;PTPRZ1;CCL5;CXCR2;PLCG2;ATP6V0A2;ATP6V1H;CSK;PLCG1;ATP6V1G3;ATP6V1C1;ATP6V1F;ATP6V0A1;LYN;JUN;PTPN11;MAPK14;MAPK12;NFKB1;MAPK13;NFKBIA;MAPK10;TJP1;MAPK11;MAP3K14"
"72","C-type lectin receptor signaling pathway","74/104",6.16289182138351e-06,2.63634816803628e-05,0,0,2.51929289850655,30.223867314943,"PIK3CD;CALML3;CBLB;CALML4;PIK3CB;PYCARD;IKBKB;PPP3CA;PPP3CB;CASP8;AKT2;AKT3;CASP1;AKT1;IL12B;IKBKG;HRAS;IKBKE;ARHGEF12;SYK;CHUK;PRKCD;RRAS2;RHOA;CLEC4D;MRAS;PIK3CA;IRF1;MAPKAPK2;RAF1;IRF9;ITPR1;ITPR2;PIK3R3;PIK3R2;PIK3R1;BCL10;PTGS2;RELA;MALT1;MAPK9;PPP3R1;NRAS;PAK1;MAPK8;PLCG2;MAPK1;MAPK3;EGR2;JUN;EGR3;CCL22;STAT1;STAT2;NFATC3;NFATC2;NFATC1;PTPN11;MAPK14;NFKB1;MAPK12;MAPK13;NFKBIA;MAPK10;CYLD;MAPK11;IL6;CD209;MDM2;CALM3;KRAS;CALM1;CALM2;MAP3K14"
"73","mRNA surveillance pathway","66/91",6.8235707104033e-06,2.85331897889073e-05,0,0,2.69547457110953,32.0630141237117,"HBS1L;DAZAP1;SMG1;EIF4A3;MSI1;PPP2R2A;MSI2;NXT2;SMG7;SMG5;PPP1CB;PNN;PPP1CC;PPP2R1B;PPP2R5E;PPP2R1A;PCF11;PAPOLG;PAPOLA;PABPC4L;PELO;UPF2;NCBP1;NCBP2;PABPC4;SSU72;PPP2R5A;PPP2R5D;PPP2R5C;SRRM1;WDR33;DDX39B;WDR82;PABPC3;ETF1;PABPC1;RBM8A;RNMT;CSTF2;CSTF2T;GSPT1;PPP2CA;PPP2CB;PABPN1;FIP1L1;CSTF1;SAP18;SYMPK;PABPC1L2B;PABPC1L2A;BCL2L2-PABPN1;CPSF4;CPSF7;CPSF6;CPSF1;ALYREF;CPSF2;UPF3A;PPP2R3A;PPP1CA;NUDT21;PPP2R2C;PPP2R2B;ACIN1;RNPS1;PABPC1L"
"74","Dopaminergic synapse","90/131",6.85537676746474e-06,2.85331897889073e-05,0,0,2.24314792247342,26.6720994168879,"ATF2;GSK3B;GSK3A;CALML3;PPP2R2A;CALML4;ARRB2;COMT;SLC6A3;PPP1CB;PPP1CC;PPP3CA;PPP3CB;PPP2R1B;PPP2R1A;KIF5C;PPP2R5E;CREB3L1;KIF5B;AKT2;KIF5A;CREB3L2;AKT3;AKT1;PRKACA;PRKACB;SCN1A;PRKCB;PPP2R5A;PRKCA;PPP2R5D;PPP2R5C;FOS;CREB1;LRTOMT;PLCB1;CLOCK;ATF4;CREB5;GRIA2;CAMK2D;MAOB;ATF6B;CAMK2A;CACNA1B;ITPR1;GNAI3;CACNA1A;ITPR2;CACNA1C;GNAI1;ADCY5;ARNTL;GNAI2;PPP2CA;PPP2CB;MAPK9;GRIN2A;GNG3;MAPK8;GNG2;GNG5;GNG4;CAMK2G;GRIA3;KCNJ3;KCNJ5;KCNJ6;PPP2R3A;GNG12;MAPK14;GRIN2B;MAPK12;MAPK13;PPP1CA;GNAO1;MAPK10;MAPK11;GNAL;PPP2R2C;PPP2R2B;GNB2;GNAQ;GNB1;GNAS;GNB3;CALM3;GNB5;CALM1;CALM2"
"75","Long-term potentiation","51/67",7.78818199926096e-06,3.19834674102983e-05,0,0,3.25243893168457,38.2581239970695,"CALML3;CALML4;GRM1;PPP1CB;PPP3CA;PPP1CC;RPS6KA3;PPP3CB;GRM5;RPS6KA6;RPS6KA2;RPS6KA1;EP300;PRKACA;HRAS;PRKACB;MAP2K1;MAP2K2;PRKCB;PRKCA;RAF1;PLCB1;RAPGEF3;ATF4;GRIA2;CAMK2D;CAMK2A;ITPR1;ITPR2;ADCY1;CACNA1C;RAP1B;NRAS;PPP3R1;GRIN2A;RAP1A;MAPK1;CAMK2G;MAPK3;CREBBP;BRAF;GRIN2B;GRIN2D;PPP1CA;PPP1R1A;CAMK4;GNAQ;CALM3;KRAS;CALM1;CALM2"
"76","Toxoplasmosis","79/113",8.91294630529453e-06,3.57389153676489e-05,0,0,2.37336318955311,27.5974806895232,"ITGB1;CIITA;LAMC2;LAMC1;PIK3CG;IKBKB;CASP8;AKT2;CASP3;AKT3;AKT1;IL12B;IKBKG;HLA-DOA;CCR5;MAP3K7;HLA-DOB;HLA-DPA1;JAK1;MAP2K3;CHUK;IFNGR1;PDPK1;IFNGR2;IRAK4;TRAF6;PPIF;TLR4;BIRC2;LAMA5;LAMA2;LAMA4;GNAI3;XIAP;PIK3R6;RELA;GNAI1;PIK3R5;GNAI2;MAPK9;MAPK8;SOCS1;IRAK1;MAPK1;LDLR;HLA-DQA1;MAP2K6;MAPK3;HSPA8;TGFB2;HLA-DRB5;TGFB1;BAD;IL10RB;LAMB2;STAT1;HSPA6;STAT3;LAMB1;HSPA2;MAPK14;NFKB1;MAPK12;MAPK13;NFKBIA;GNAO1;MAPK10;MAPK11;CD40LG;BCL2;HLA-DRA;CYCS;TAB2;TAB1;HLA-DRB1;HSPA1B;BCL2L1;NFKBIB;HSPA1A"
"77","Chagas disease (American trypanosomiasis)","73/103",8.93472884191222e-06,3.57389153676489e-05,0,0,2.48499593661113,28.8894811836165,"CXCL8;SERPINE1;PIK3CD;PPP2R2A;FASLG;CD3G;PIK3CB;CD3D;IKBKB;CASP8;PPP2R1B;PPP2R1A;AKT2;AKT3;AKT1;IL12B;IKBKG;MAP2K4;CHUK;IFNGR1;IFNGR2;IRAK4;FOS;TGFBR1;TGFBR2;PIK3CA;TRAF6;TLR6;PLCB1;TLR4;GNAI3;PIK3R3;PIK3R2;PIK3R1;ADCY1;RELA;GNAI1;GNAI2;C3;PPP2CA;PPP2CB;GNA14;MAPK9;MAPK8;IRAK1;CCL5;CCL3;CCL2;MAPK1;MAPK3;SMAD2;TGFB2;JUN;TGFB1;SMAD3;IFNB1;CFLAR;MAPK14;NFKB1;MAPK12;MAPK13;NFKBIA;GNAO1;MAPK10;MAPK11;IL6;GNAL;PPP2R2C;PPP2R2B;GNAQ;GNAS;FAS;CALR"
"78","Inositol phosphate metabolism","55/74",1.19859638425631e-05,4.73291905578132e-05,0,0,2.95402875470973,33.4743870430576,"PI4K2B;MTMR14;INPPL1;PTEN;PIK3CD;PIK3CB;PIK3C2A;PIK3CG;PIK3C2B;IMPA2;PIP4K2A;PLCE1;PIP4K2B;PIP4K2C;MIOX;TPI1;SACM1L;IPMK;ITPK1;OCRL;ITPKB;INPP4A;ITPKC;INPP4B;MINPP1;PIK3CA;IMPAD1;PIK3C3;PLCB1;IPPK;MTMR1;MTMR2;ISYNA1;MTMR3;MTMR4;MTMR6;MTM1;INPP5B;INPP5A;INPP5F;INPP5E;PLCG2;INPP5J;PIP5K1A;PLCG1;PIP5K1C;CDIPT;SYNJ2;FIG4;ALDH6A1;PIKFYVE;PI4KA;PI4KB;PLCD3;PLCD1"
"79","Cushing syndrome","103/155",1.53220920021129e-05,5.9736763755073e-05,0,0,2.02456655327554,22.4447797863431,"RB1;ATF2;SCARB1;AHR;CCND1;CREB3L1;CREB3L2;PRKACA;PRKACB;MEN1;USP8;MAP2K1;MAP2K2;WNT5A;AIP;ADCY9;CCNE2;CCNE1;AGTR1;ORAI1;ATF4;KMT2D;KMT2A;ITPR1;ITPR2;CACNA1C;CACNA1H;RAP1B;MC2R;RAP1A;DVL3;WNT1;WNT2;WNT3;WNT4;WNT10A;FZD3;FZD2;FZD5;FZD4;FZD7;FZD6;FZD9;BRAF;PBX1;NCEH1;CDK6;STAR;SP1;CDK4;GNAQ;CDK2;GNAS;WDR5B;GSK3B;CDKN1A;WNT2B;CDKN1B;ASH2L;WDR5;APC2;WNT9B;ARNT;AXIN2;WNT9A;WNT16;CREB1;CRH;PLCB1;CREB5;CAMK2D;FH;ATF6B;CAMK2A;GNAI3;ADCY3;KCNA4;ADCY1;EGFR;ADCY6;GNAI1;ADCY5;GNAI2;PDE11A;RASD1;WNT11;RBBP5;E2F1;E2F2;MAPK1;E2F3;LDLR;CAMK2G;MAPK3;TCF7L2;CDKN2C;CDKN2A;WNT7B;HSD3B1;WNT7A;APC;CTNNB1;KCNK3"
"80","Thermogenesis","146/231",1.90888906893977e-05,7.34922291541811e-05,0,0,1.75755145779528,19.0982642464287,"KLB;ATF2;NDUFA13;SMARCB1;NDUFA11;KDM1A;NDUFA12;NDUFA10;COX6A1;NDUFC2-KCTD14;ACTB;ACTG1;RPS6KA3;RPS6KA6;CREB3L1;RPS6KA2;CREB3L2;DPF1;RPS6KA1;DPF3;PRKACA;PRKACB;MAP2K3;PRKAB2;SMARCC1;CPT1A;SMARCC2;ACSL1;RPS6;ACSL6;TSC2;ACSL4;FRS2;TSC1;SDHC;ACSL3;SDHD;CPT1C;CPT1B;SDHB;COX6B1;COX7A2L;ADCY9;UQCRC2;COX19;UQCRB;NDUFB11;COX15;NPR1;COX18;COX17;ATP5MC2;ATP5MC3;ATP5MC1;NDUFV3;PPARGC1A;NDUFV1;ATP5MF;COX10;COA4;COA1;SMARCA2;SMARCA4;NDUFAF6;UQCRQ;RHEB;NDUFAF4;GNAS;NDUFAF3;GRB2;COX20;FGFR1;COX7B;COX4I1;PRKAG1;COX7C;CPT2;UQCRFS1;PRKG2;HRAS;COA7;COX8A;ARID1A;ARID1B;CREB1;NDUFS8;ADRB3;NDUFS7;NDUFS5;AKT1S1;ZNF516;NDUFS3;NDUFS2;PPARG;NDUFS1;PLIN1;SOS1;SOS2;MGLL;CREB5;SMARCD1;PRKAA1;NDUFB8;KDM3A;SMARCD2;PRKAA2;SMARCD3;KDM3B;NDUFB6;NDUFB5;NDUFB4;UCP1;NDUFB2;ADCY3;UQCR11;ADCY1;COX5B;ADCY6;ADCY5;ATP5F1A;NRAS;SLC25A29;ATP5F1B;CNR1;SLC25A20;SMARCE1;NDUFA8;NDUFA7;NDUFA6;NDUFA5;ATP5PB;NDUFA3;NDUFA2;BMP8A;BMP8B;COX6C;ATP5F1C;MAPK14;ATP5F1D;ATP5F1E;MAPK12;MAPK13;MAPK11;RPS6KB1;KRAS;PNPLA2"
"81","Viral carcinogenesis","129/201",1.96020448464951e-05,7.45361705274134e-05,0,0,1.83248620760114,19.8639244866965,"RB1;ATF2;GTF2B;UBE3A;RBPJ;CDC20;CCND3;CCND2;CCND1;CREB3L1;CHEK1;CREB3L2;EP300;PRKACA;SKP2;PRKACB;ACTN1;MRPS18B;HLA-B;HLA-C;SCRIB;ACTN4;HLA-A;SND1;HLA-E;CCNE2;CCNE1;TBPL2;MAPKAPK2;TBPL1;ATP6V0D1;IL6ST;TP53;ATP6V0D2;ATF4;PXN;UBR4;PIK3R3;PIK3R2;PIK3R1;GTF2E1;C3;SCIN;PMAIP1;STAT5A;LYN;CREBBP;EGR2;JUN;EGR3;EIF2AK2;NFKB1;NFKBIA;DLG1;HNRNPK;SNW1;CDK6;CDK4;CDK2;REL;MDM2;CDK1;GRB2;YWHAE;CDKN1A;GTF2H2C;CDKN1B;DDX3X;YWHAB;PIK3CD;CHD4;PIK3CB;CASP8;YWHAQ;CASP3;RAC1;IKBKG;CCR5;CCR4;HRAS;JAK3;YWHAG;JAK1;YWHAH;TBP;SYK;TRAF2;TRAF1;YWHAZ;RHOA;DDB1;CCNA2;RBL2;KAT2B;KAT2A;CREB1;PKM;PIK3CA;IRF3;TRAF3;TRAF5;RASA2;IRF9;CREB5;RBPJL;HDAC4;GTF2A1;VAC14;HDAC5;HDAC2;ATF6B;SRF;RELA;CDC42;NRAS;MAPK1;BAK1;MAPK3;RANBP1;GSN;CDKN2A;BAD;STAT3;GTF2H1;GTF2H2;GTF2H3;PSMC1;BAX;KRAS"
"82","Tight junction","110/170",4.66933311842167e-05,0.000175384707374863,0,0,1.87371265422657,18.6844924636092,"PATJ;PPP2R2A;F11R;CLDN1;ACTB;AMOT;ACTG1;STK11;CCND1;PPP2R1B;PPP2R1A;SYNPO;PRKACA;BVES;PRKACB;PRKAB2;ACTN1;MYH15;PRKCE;SCRIB;ACTN4;RUNX1;TIAM1;MYL6;CLDN4;PARD3;EZR;MYL9;LLGL1;LLGL2;NEDD4L;ARHGAP17;CD1D;PRKCZ;ACTR3B;MYL12A;MYL12B;SLC9A3R1;RAP1A;MYH14;SYMPK;MYH11;MAP2K7;MYH10;VASP;JUN;HSPA4;RDX;MSN;CGN;TJAP1;OCLN;DLG1;DLG3;CDK4;AMOTL2;AMOTL1;NF2;ITGB1;PRKAG1;WASL;YBX3;TUBA1C;EPB41L4B;TUBA1B;RAC1;CGNL1;RAB8A;RAB8B;ACTR3;ACTR2;RHOA;CLDN11;RAP2C;MYH2;CLDN15;CTTN;CLDN19;RAPGEF2;MYH9;HCLS1;CLDN16;ARHGEF2;RAPGEF6;PRKAA1;PCNA;PRKAA2;ROCK1;TUBAL3;ROCK2;PARD6G;PPP2CA;CDC42;PPP2CB;MAPK9;PARD6B;MAPK8;MARVELD3;ERBB2;WHAMM;MAP3K1;MPP5;MAPK10;TJP1;PPP2R2C;PPP2R2B;NEDD4;RAB13;TJP3;TJP2"
"83","Mitophagy","48/65",5.67772920346272e-05,0.000210691637911628,0,0,2.87989128167226,28.1548945378104,"PRKN;BECN1;USP15;CITED2;CALCOCO2;AMBRA1;FOXO3;HIF1A;RELA;GABARAP;BCL2L13;MAPK9;NRAS;RHOT2;MAPK8;TBK1;RHOT1;UBB;FUNDC1;E2F1;MFN1;MFN2;HRAS;TBC1D15;USP8;BNIP3L;GABARAPL1;JUN;CSNK2A1;CSNK2A3;ATG9A;TFE3;CSNK2A2;RRAS2;MITF;MAPK10;MRAS;SP1;NBR1;TAX1BP1;ULK1;PGAM5;KRAS;SQSTM1;TP53;RAB7A;ATF4;BCL2L1"
"84","Prolactin signaling pathway","51/70",6.13096331706671e-05,0.000224801988292446,0,0,2.73807974223009,26.5582059260167,"GSK3B;PIK3CD;PIK3CB;CCND2;CCND1;AKT2;AKT3;AKT1;HRAS;MAP2K1;MAP2K2;FOS;PRLR;PIK3CA;IRF1;RAF1;SOS1;SOS2;SHC3;SHC1;PIK3R3;PIK3R2;TNFRSF11A;PIK3R1;FOXO3;RELA;SOCS3;MAPK9;NRAS;MAPK8;SOCS1;MAPK1;SOCS6;SOCS7;SOCS4;SOCS5;MAPK3;STAT5A;STAT1;STAT3;MAPK14;ESR1;GCK;MAPK12;NFKB1;ESR2;MAPK13;MAPK10;MAPK11;KRAS;GRB2"
"85","Adrenergic signaling in cardiomyocytes","95/145",7.41754797383109e-05,0.000268777032463527,0,0,1.94081653431073,18.4553737204293,"ATF2;RYR2;ATP2A2;CALML3;PPP2R2A;CALML4;SLC8A1;PIK3CG;PPP1CB;PPP1CC;RPS6KA5;PPP2R1B;PPP2R1A;PPP2R5E;CREB3L1;AKT2;CREB3L2;AKT3;AKT1;PRKACA;PRKACB;SCN1B;TPM4;TPM3;TPM2;CACNA2D1;TNNC1;TPM1;ATP1B4;PPP2R5A;ATP1B3;PRKCA;PPP2R5D;PPP2R5C;ATP1B1;CACNB1;ADCY9;CACNB4;CREB1;AGTR1;AGTR2;PLCB1;SCN4B;RAPGEF3;ATF4;CREB5;KCNE1;CAMK2D;ATF6B;CAMK2A;CREM;GNAI3;ATP1A3;ADCY3;ADRB1;ATP1A2;CACNA1C;ADCY1;ATP1A1;PIK3R6;ADCY6;GNAI1;SLC9A1;PIK3R5;ADCY5;GNAI2;PPP2CA;CACNG7;PPP2CB;CACNG8;MAPK1;CACNG1;CACNG2;CAMK2G;MAPK3;ATP2B4;ATP2B3;ATP2B2;PPP2R3A;ATP2B1;MAPK14;MAPK12;MAPK13;PPP1CA;MAPK11;ACTC1;PPP1R1A;PPP2R2C;PPP2R2B;GNAQ;GNAS;BCL2;CALM3;CALM1;CALM2"
"86","Transcriptional misregulation in cancer","118/186",9.10922163183352e-05,0.000322595468627749,0,0,1.77354531975051,16.5004239834612,"ATF1;CCNT2;SPI1;CCNT1;JMJD1C;PLAT;MPO;HOXA11;IGF1R;HOXA10;ELK4;HOXA9;CCND2;PLAU;MYC;SSX2;MEN1;LMO2;MITF;RUNX2;RUNX1;MYCN;MAF;EWSR1;COMMD3-BMI1;TP53;DDX5;KMT2A;MAX;FOXO1;FUT8;PROM1;GRIA3;NGFR;SMAD1;GADD45B;BCL11B;GADD45A;FUS;ZBTB16;PBX3;HMGA2;IGF1;NFKB1;PBX1;PTK2;CDK9;IL6;TLX3;SP1;TLX1;ID2;MDM2;REL;ATM;TCF3;CDK14;BCL2L1;CDKN1A;CXCL8;FLT1;CDKN1B;LDB1;SIX1;BMI1;AFF1;SIX4;SIN3A;NFKBIZ;UTY;POLK;KDM6A;SS18;MMP3;TFE3;PAX3;ETV1;TRAF1;PAX5;WNT16;DUSP6;ETV5;MLF1;ETV6;TGFBR2;ETV7;ZEB1;NCOR1;PAX8;BMP2K;RARA;PPARG;MET;CEBPA;CEBPB;HDAC2;BCL2A1;PRCC;DOT1L;MLLT1;RELA;RXRB;RXRA;NSD2;BAK1;RUNX1T1;ARNT2;CDKN2C;TAF15;KLF3;PML;BAIAP3;PER2;SSX2B;MEIS1;WT1;IL2RB;BAX"
"87","Adipocytokine signaling pathway","50/69",9.11227460084874e-05,0.000322595468627749,0,0,2.68411984659124,24.97118049789,"IRS1;SLC2A1;IRS4;PRKAG1;IRS2;SLC2A4;IKBKB;STK11;AKT2;AKT3;LEPR;AKT1;IKBKG;PRKAB2;CPT1A;G6PC;CHUK;ACSL1;ADIPOQ;ACSL6;ACSL4;TRAF2;ACSL3;TNFRSF1B;CPT1C;CPT1B;ACSBG1;PRKAA1;PRKAA2;ADIPOR1;ADIPOR2;ACACB;RELA;CAMKK2;RXRB;SOCS3;MAPK9;MAPK8;RXRA;PCK1;PPARGC1A;STAT3;PTPN11;NFKB1;NFKBIA;MAPK10;G6PC3;LEP;NFKBIE;NFKBIB"
"88","Bacterial invasion of epithelial cells","53/74",9.4600880513412e-05,0.000331103081796942,0,0,2.57446993395898,23.8546362094312,"ITGB1;ARPC1B;ARPC1A;CLTC;CLTB;ILK;CLTA;PIK3CD;PIK3CB;WASL;ACTB;CRKL;ACTG1;CDH1;RAC1;GAB1;RHOG;RHOA;DNM2;CD2AP;DNM3;ARHGAP10;PIK3CA;CTTN;ELMO2;HCLS1;ITGA5;DOCK1;MET;CRK;VCL;SHC3;ARHGEF26;SHC1;PXN;PIK3R3;PIK3R2;PIK3R1;CBL;CDC42;CTNNA1;WASF2;CAV2;CAV1;FN1;ARPC4;ARPC5;PTK2;MAD2L2;ARPC2;ARPC3;CTNNB1;BCAR1"
"89","Apelin signaling pathway","90/137",9.79136427054251e-05,0.0003388472129581,0,0,1.95561945053684,18.0531536303733,"RYR2;SERPINE1;PDE3B;PRKAG1;CALML3;PLAT;CALML4;MYLK3;SLC8A1;PIK3CG;MYLK;MYLK4;CCND1;CDH1;AKT2;AKT3;AKT1;CCN2;PRKACA;PRKACB;HRAS;MEF2A;PRKAB2;GABARAPL1;MAP2K1;MAP2K2;PRKCE;RPS6;RRAS2;TGFBR1;ACTA2;ADCY9;MRAS;AGTR1;TFAM;PIK3C3;PLIN1;RAF1;PLCB1;HDAC4;NOTCH3;BECN1;HDAC5;PRKAA1;PRKAA2;ITPR1;UCP1;GNAI3;ITPR2;ADCY3;NRF1;ADCY1;GABARAP;PIK3R6;ADCY6;GNAI1;SLC9A1;PIK3R5;ADCY5;GNAI2;GNA13;NRAS;GNG3;GNG2;GNG5;GNG4;MAPK1;PPARGC1A;MEF2D;MAPK3;SMAD2;EGR1;SMAD4;SMAD3;JAG1;GNG12;KLF2;APLN;SLC8A3;RPS6KB1;GNB2;GNAQ;CAMK4;GNB1;GNB3;CALM3;KRAS;GNB5;CALM1;CALM2"
"90","Chemokine signaling pathway","120/190",0.000105754315589167,0.00036191476890515,0,0,1.75208154099651,16.0392411222579,"NCF1;CXCL14;CXCL16;CRKL;PREX1;AKT2;AKT3;AKT1;PRKACA;PRKACB;MAP2K1;PRKCB;PRKCD;TIAM1;ADCY9;PARD3;RAF1;SHC3;SHC1;PXN;PIK3R3;PIK3R2;PIK3R1;FOXO3;PRKCZ;PIK3R6;PIK3R5;RAP1B;GRK3;GRK2;RAP1A;GRK5;GRK4;GRK7;GRK6;LYN;BRAF;GNG12;NFKB1;PTK2;NFKBIA;CXCL10;CXCL12;GNB2;GNB1;GNB3;GRB2;GNB5;NFKBIB;ITK;GSK3B;GSK3A;CXCL8;PIK3CD;ARRB1;PIK3CB;WASL;ARRB2;CXCL3;CXCL2;CX3CL1;CXCL5;PIK3CG;IKBKB;RAC3;CCR7;CCR6;RAC1;IKBKG;CCR5;CCR4;HRAS;JAK3;VAV3;CHUK;RHOA;VAV2;PIK3CA;SOS1;PLCB1;SOS2;CRK;CX3CR1;CCL11;ROCK1;ROCK2;GNAI3;ADCY3;CXCR4;ADCY1;CXCR6;RELA;ADCY6;GNAI1;ADCY5;GNAI2;CDC42;NRAS;PAK1;GNG3;GNG2;GNG5;GNG4;CCL5;CXCR2;CCL3;CCL2;MAPK1;CCL16;MAPK3;CCL25;CCL22;BAD;STAT1;STAT2;STAT3;KRAS;CCL28;BCAR1;PF4"
"91","Acute myeloid leukemia","48/66",0.000108152326605901,0.000365728045130043,0,0,2.71962711520924,24.835552936354,"CEBPA;SPI1;BCL2A1;PIK3CD;PIK3R3;PIK3R2;PIK3CB;PIK3R1;MPO;RELA;IKBKB;NRAS;CCND1;MYC;AKT2;AKT3;PIM1;AKT1;MAPK1;PIM2;IKBKG;HRAS;RUNX1T1;MAPK3;STAT5A;TCF7L2;MAP2K1;MAP2K2;CHUK;BAD;ZBTB16;STAT3;BRAF;DUSP6;PML;NFKB1;RUNX1;PER2;PIK3CA;RPS6KB1;KIT;RARA;KRAS;GRB2;RAF1;SOS1;SOS2;PPARD"
"92","Oxytocin signaling pathway","99/153",0.000109243442051831,0.000365728045130043,0,0,1.87273375432878,17.0829494981068,"GUCY1B1;CALML3;CALML4;ELK1;ACTB;MYLK3;ACTG1;MYLK;MYLK4;PPP1CB;PPP1CC;RGS2;CCND1;PRKACA;PRKACB;GUCY1A2;PRKAB2;MAP2K1;MAP2K2;PRKCB;CACNA2D1;PRKCA;CACNB1;MYL6;ADCY9;CACNB4;RAF1;MYL9;NPR1;ITPR1;ITPR2;CACNA1C;PIK3R6;PIK3R5;PPP3R1;JUN;NFATC3;NFATC2;NFATC1;EEF2;GNAO1;RCAN1;GNAQ;GNAS;CALM3;CALM1;CALM2;RYR2;CDKN1A;PRKAG1;PIK3CG;PPP3CA;PPP3CB;EEF2K;HRAS;PPP1R12A;CAMK1D;PLA2G4E;PLA2G4A;FOS;RHOA;JMJD7-PLA2G4B;PPP1R12B;PLCB1;PPP1R12C;PRKAA1;CAMK2D;PRKAA2;ROCK1;ROCK2;CAMK2A;GNAI3;ADCY3;ADCY1;PTGS2;EGFR;ADCY6;GNAI1;ADCY5;GNAI2;CAMKK2;CACNG7;NRAS;CACNG8;MAPK7;MAPK1;CACNG1;CACNG2;CAMK2G;KCNJ2;MAPK3;KCNJ3;KCNJ5;KCNJ6;KCNJ12;KCNJ14;PPP1CA;CAMK4;KRAS"
"93","cAMP signaling pathway","132/212",0.000126961226517864,0.000420473739435506,0,0,1.68676034747062,15.1329877477051,"HHIP;CALML3;CALML4;PPP1CB;PPP1CC;HTR6;CREB3L1;AKT2;CREB3L2;AKT3;AKT1;PLCE1;EP300;SOX9;PRKACA;PRKACB;MAP2K1;MAP2K2;F2R;ATP1B4;ATP1B3;ATP1B1;TIAM1;ADCYAP1;ADCY9;ORAI1;RAF1;MYL9;GRIA2;ADCYAP1R1;GIPR;NPR1;PIK3R3;PIK3R2;ADRB1;PIK3R1;CACNA1C;SLC9A1;RAP1B;HCAR2;GRIN2A;MC2R;RAP1A;HCAR1;GRIA3;CREBBP;JUN;HTR1F;BDNF;PTCH1;NFATC1;BRAF;GRIN2B;NFKB1;GRIN2D;NFKBIA;GRIN3A;FXYD1;PDE3A;GNAS;CALM3;CALM1;CALM2;GLP1R;RYR2;PDE3B;PIK3CD;ATP2A2;PIK3CB;GLI3;PDE4B;RAC3;CNGA2;PDE4A;FFAR2;RAC1;CNGA4;AMH;VAV3;ABCC4;EDN1;EDN2;PPP1R12A;EDN3;PDE4D;PDE4C;RRAS2;FOS;SSTR1;SSTR2;RHOA;VAV2;CREB1;PIK3CA;ACOX1;ACOX3;RAPGEF3;CREB5;CAMK2D;ROCK1;ROCK2;PTGER3;CAMK2A;GNAI3;ADCY3;ATP1A3;ATP1A2;ADCY1;ATP1A1;ADCY6;GNAI1;RELA;ADCY5;GNAI2;MAPK9;PAK1;MAPK8;MAPK1;CAMK2G;MAPK3;GABBR2;GABBR1;BAD;ATP2B4;ATP2B3;ATP2B2;ATP2B1;PPP1CA;MAPK10;PDE10A;CAMK4;HCN2"
"94","Hedgehog signaling pathway","36/47",0.000137274042490407,0.000447580807332388,0,0,3.33598918033692,29.6687242583195,"GSK3B;HHIP;CUL3;IHH;ARRB1;ARRB2;GLI3;GLI2;SHH;GRK3;GRK2;CCND2;CCND1;KIF3A;SUFU;SPOP;BTRC;PRKACA;PRKACB;CDON;CSNK1G3;SMURF2;CSNK1A1;FBXW11;SMURF1;PTCH1;PTCH2;CSNK1D;CSNK1E;KIF7;EVC;BCL2;GAS1;SPOPL;CSNK1G2;CSNK1G1"
"95","Pathogenic Escherichia coli infection","41/55",0.000138052521742133,0.000447580807332388,0,0,2.98580252271018,26.5374436359642,"ITGB1;ROCK1;TUBAL3;ROCK2;ARPC1B;ARPC1A;WASL;CLDN1;ACTB;ACTG1;TUBB8;CDC42;TUBA1C;TUBB6;TUBA1B;YWHAQ;CDH1;NCK2;ABL1;FYN;NCK1;TUBB;PRKCA;ARPC4;ARPC5;TUBB4B;YWHAZ;TUBB4A;RHOA;OCLN;TUBB2A;CTTN;ARPC2;ARPC3;NCL;HCLS1;CTNNB1;ARHGEF2;TLR5;EZR;TLR4"
"96","Bladder cancer","32/41",0.000174404992431055,0.000559549350716303,0,0,3.62353734614736,31.3585647773808,"RB1;CDKN1A;CXCL8;THBS1;EGFR;NRAS;RPS6KA5;CCND1;CDH1;MYC;ERBB2;E2F1;E2F2;MAPK1;E2F3;HRAS;MAPK3;MAP2K1;MAP2K2;EGF;CDKN2A;DAPK1;DAPK2;MMP2;BRAF;VEGFA;CDK4;MDM2;KRAS;RAF1;FGFR3;TP53"
"97","RNA transport","105/165",0.000181774461589797,0.000577180764635644,0,0,1.78763249082756,15.3964207618002,"CYFIP2;EIF4A2;CYFIP1;EIF4A1;POP7;NUP107;NUP188;FMR1;POP4;RPP30;EIF4A3;PHAX;PNN;PABPC4L;NUP214;NUP210;EIF1AX;THOC2;TRNT1;THOC5;RPP25L;SRRM1;NUP93;EEF1A1;DDX39B;GEMIN4;GEMIN6;NUP98;GEMIN7;RPP25;GEMIN8;KPNB1;NUP205;POM121;SEH1L;RBM8A;NMD3;FXR1;FXR2;POM121C;NUP85;TPR;EIF4EBP2;NUP88;EIF4EBP3;EIF2B5;UBE2I;EIF2B2;NUP155;ALYREF;RPP40;UPF3A;NUP153;EIF2S2;EIF2S1;EIF1;EIF2S3;EIF5;RNPS1;EIF4G3;EIF4G2;EIF4G1;NXT2;XPO1;SUMO1;NUP62;SUMO2;XPO5;UPF2;NDC1;EIF5B;PRMT5;SEC13;NCBP1;NUP133;NCBP2;PABPC4;SENP2;RANGAP1;NUP50;PABPC3;NUP54;PABPC1;EIF4E2;NUP58;TGS1;SAP18;PABPC1L2B;NUP43;PABPC1L2A;RPP14;EIF4E;PAIP1;RANBP2;XPOT;EIF3J;EIF3H;ACIN1;EIF3E;PABPC1L;EIF3D;RAN;EIF3A;EIF3B;NUP37"
"98","Choline metabolism in cancer","67/99",0.000200184415642615,0.000629151020591075,0,0,2.13647525380711,18.1948033957587,"DGKG;DGKE;DGKD;SLC44A1;PIK3CD;PIK3CB;WASL;AKT2;AKT3;AKT1;RAC3;RAC1;HRAS;PDGFRB;PDGFRA;MAP2K1;LYPLA1;MAP2K2;PCYT1A;PRKCB;PLA2G4E;PDPK1;TSC2;PLA2G4A;TSC1;PRKCA;FOS;GPCPD1;SLC5A7;PIK3CA;DGKQ;JMJD7-PLA2G4B;RAF1;PLPP3;SOS1;SOS2;DGKH;SLC22A4;SLC22A3;SLC22A5;SLC22A1;PDGFB;PIK3R3;PIK3R2;PIK3R1;HIF1A;EGFR;MAPK9;NRAS;MAPK8;PDGFC;PIP5K1A;MAPK1;PLCG1;PIP5K1C;RALGDS;WASF2;WASF3;MAPK3;JUN;EGF;MAPK10;RPS6KB1;RHEB;SP1;GRB2;KRAS"
"99","VEGF signaling pathway","43/59",0.00022678584021052,0.000705555947321618,0,0,2.74003063601377,22.9929791957683,"PXN;HSPB1;PIK3CD;PIK3R3;PIK3R2;PIK3CB;PIK3R1;PTGS2;CDC42;PPP3CA;PPP3CB;NRAS;PPP3R1;AKT2;AKT3;KDR;PLCG2;AKT1;RAC3;MAPK1;RAC1;PLCG1;HRAS;MAPK3;MAP2K1;MAP2K2;PLA2G4E;PRKCB;BAD;PLA2G4A;NFATC2;PRKCA;MAPK14;MAPK12;PTK2;MAPK13;VEGFA;MAPK11;PIK3CA;JMJD7-PLA2G4B;MAPKAPK2;KRAS;RAF1"
"100","Thyroid cancer","29/37",0.00031067637690461,0.0009568832408662,0,0,3.69355531957929,29.8319553431783,"CDKN1A;RXRB;NRAS;RXRA;CCND1;TFG;CDH1;MYC;TPR;MAPK1;POLK;BAK1;HRAS;MAPK3;TCF7L2;MAP2K1;MAP2K2;GADD45B;TPM3;GADD45A;NCOA4;BRAF;PAX8;CCDC6;BAX;CTNNB1;PPARG;KRAS;TP53"
"101","Fc epsilon RI signaling pathway","48/68",0.000350668757080286,0.00106936611070028,0,0,2.44717803222211,19.4689371655012,"PIK3CD;PIK3R3;PIK3R2;PIK3CB;PIK3R1;MAPK9;NRAS;MAPK8;AKT2;AKT3;PLCG2;AKT1;RAC3;MAPK1;FYN;RAC1;PLCG1;MAP2K7;HRAS;MAPK3;MAP2K6;VAV3;MAP2K3;LYN;MAP2K4;MAP2K1;MAP2K2;SYK;PLA2G4E;PDPK1;PLA2G4A;PRKCA;GAB2;MAPK14;MAPK12;VAV2;MAPK13;MAPK10;MAPK11;PIK3CA;JMJD7-PLA2G4B;ALOX5AP;BTK;KRAS;GRB2;RAF1;SOS1;SOS2"
"102","Th1 and Th2 cell differentiation","62/92",0.000407735330429305,0.00123120080168849,0,0,2.10818873668189,16.4541860251947,"MAML2;MAML1;CD3G;RBPJ;CD3D;IKBKB;PPP3CA;PPP3CB;IL12B;IKBKG;HLA-DOA;HLA-DOB;JAK3;HLA-DPA1;JAK1;CHUK;IFNGR1;IFNGR2;FOS;RUNX3;MAF;MAML3;RBPJL;NOTCH2;NOTCH3;NOTCH1;GATA3;DLL1;RELA;DLL4;MAPK9;PPP3R1;MAPK8;MAPK1;STAT6;PLCG1;HLA-DQA1;IL12RB2;MAPK3;JAG2;STAT5A;JUN;HLA-DRB5;JAG1;STAT1;NFATC3;NFATC2;NFATC1;MAPK14;MAPK12;NFKB1;MAPK13;NFKBIA;MAPK10;MAPK11;CD4;IL2RA;IL2RB;HLA-DRA;NFKBIE;HLA-DRB1;NFKBIB"
"103","Progesterone-mediated oocyte maturation","66/99",0.000430129618806413,0.00128621284070267,0,0,2.04040198964572,15.8160208616256,"HSP90AB1;PDE3B;PIK3CD;PIK3CB;IGF1R;STK10;RPS6KA3;RPS6KA6;CDC23;AKT2;RPS6KA2;AKT3;CDC27;RPS6KA1;AKT1;PRKACA;PRKACB;MAP2K1;HSP90AA1;ANAPC7;KIF22;CDC25C;CDC25A;CDC25B;CCNA2;ADCY9;PIK3CA;PGR;RAF1;ANAPC1;ANAPC2;GNAI3;PIK3R3;ADCY3;PIK3R2;PIK3R1;ADCY1;PKMYT1;ADCY6;GNAI1;AURKA;ADCY5;GNAI2;CCNB2;MAPK9;CCNB1;FZR1;MAPK8;MAPK1;BUB1;MAPK3;PLK1;BRAF;IGF1;MAPK14;MAPK12;MAPK13;MAPK10;MAD2L2;MAPK11;CDK2;CDK1;KRAS;CPEB3;CPEB2;CPEB4"
"104","Melanogenesis","67/101",0.000483076403832139,0.00143064934981057,0,0,2.01040011943864,15.3500798652226,"GSK3B;WNT2B;CALML3;CALML4;CREB3L1;CREB3L2;EP300;PRKACA;PRKACB;HRAS;MAP2K1;EDN1;MAP2K2;PRKCB;WNT5A;WNT9B;MITF;PRKCA;WNT9A;WNT16;ADCY9;CREB1;KIT;RAF1;PLCB1;CAMK2D;TYRP1;CAMK2A;GNAI3;ADCY3;ADCY1;ADCY6;GNAI1;ADCY5;GNAI2;NRAS;WNT11;DVL3;MAPK1;WNT1;WNT2;CAMK2G;WNT3;WNT4;MAPK3;TCF7L2;CREBBP;WNT10A;FZD3;FZD2;FZD5;FZD4;FZD7;WNT7B;FZD6;FZD9;WNT7A;TYR;GNAO1;KITLG;GNAQ;GNAS;CTNNB1;CALM3;KRAS;CALM1;CALM2"
"105","RNA degradation","54/79",0.000555305503242377,0.00162889614284431,0,0,2.20270505931258,16.5114598099593,"BTG3;BTG2;BTG1;DIS3L;ENO1;TENT4A;ENO2;TENT4B;ENO4;EDC3;PABPC4L;MTREX;NUDT16;TTC37;CNOT6L;DIS3;PABPC4;PATL1;XRN1;XRN2;C1D;PABPC3;PABPC1;DCP2;DDX6;TOB2;TOB1;HSPD1;EXOSC6;DHX36;PABPC1L2B;PABPC1L2A;EXOSC2;DCPS;HSPA9;PNPT1;CNOT10;LSM3;LSM2;CNOT4;PAN2;LSM8;CNOT6;PFKL;CNOT7;CNOT1;CNOT2;CNOT3;SKIV2L;PABPC1L;CNOT8;DCP1A;PFKM;PFKP"
"106","GnRH signaling pathway","62/93",0.000634358663397958,0.00184323083326954,0,0,2.03997970573313,15.0201585140461,"CALML3;CALML4;ELK1;PRKACA;HRAS;PRKACB;MAP3K4;MAP2K3;MAP2K4;MAP2K1;MAP2K2;PLA2G4E;PRKCB;MMP2;PRKCD;PLA2G4A;PRKCA;MMP14;ADCY9;JMJD7-PLA2G4B;RAF1;SOS1;PLCB1;SOS2;ATF4;CAMK2D;CAMK2A;ITPR1;ITPR2;ADCY3;ADCY1;CACNA1C;EGFR;ADCY6;ADCY5;CDC42;MAPK9;NRAS;MAPK8;MAPK7;MAPK1;MAP2K7;CAMK2G;MAPK3;MAP2K6;MAP3K2;MAP3K3;EGR1;JUN;MAP3K1;MAPK14;MAPK12;MAPK13;MAPK10;MAPK11;GNAQ;GNAS;CALM3;KRAS;GRB2;CALM1;CALM2"
"107","Estrogen signaling pathway","87/137",0.000688124958370544,0.0019807709082068,0,0,1.77593285859613,12.9315263442827,"ATF2;HSP90AB1;PIK3CD;CALML3;CALML4;PIK3CB;GRM1;CREB3L1;AKT2;CREB3L2;AKT3;AKT1;PRKACA;PRKACB;CTSD;HRAS;NCOA1;NCOA2;MAP2K1;HSP90AA1;MAP2K2;NCOA3;MMP2;PRKCD;KRT32;OPRM1;FOS;KRT31;ADCY9;CREB1;PIK3CA;RARA;PGR;FKBP4;RAF1;SOS1;PLCB1;SOS2;FKBP5;ATF4;CREB5;SHC3;ATF6B;SHC1;ITPR1;GNAI3;ITPR2;PIK3R3;TGFA;ADCY3;PIK3R2;PIK3R1;ADCY1;EGFR;ADCY6;GNAI1;HSP90B1;ADCY5;GNAI2;NRAS;MAPK1;MAPK3;KCNJ3;HSPA8;KCNJ5;GABBR2;JUN;KCNJ6;GABBR1;HSPA6;HSPA2;ESR1;ESR2;GNAO1;SP1;KRT16;GNAQ;GNAS;BCL2;CALM3;GRB2;KRAS;CALM1;CALM2;EBAG9;HSPA1B;HSPA1A"
"108","Phospholipase D signaling pathway","93/148",0.000767127661687594,0.00218773444259055,0,0,1.72602161681966,12.3805068017472,"DGKG;DGKE;ARF1;DGKD;CXCL8;PIK3CD;PIK3CB;GRM1;PIK3CG;GRM5;GRM6;AKT2;AKT3;GRM8;AKT1;HRAS;PDGFRB;PDGFRA;MAP2K1;MAP2K2;SYK;PLA2G4E;F2R;GAB1;TSC2;PLA2G4A;RRAS2;TSC1;PRKCA;AVPR1A;GAB2;F2;RHOA;DNM2;DNM3;ADCY9;MRAS;PIK3CA;DGKQ;JMJD7-PLA2G4B;KIT;AGTR1;RAF1;PLPP3;SOS1;PLCB1;SOS2;RAPGEF3;DGKH;ARF6;AGPAT5;SHC3;SHC1;PDGFB;LPAR1;LPAR2;PIK3R3;ADCY3;LPAR3;PIK3R2;PIK3R1;ADCY1;AGPAT2;PIK3R6;EGFR;ADCY6;AGPAT3;PIK3R5;ADCY5;CYTH3;GNA13;CYTH2;NRAS;PDGFC;CXCR2;GNA12;PLCG2;PIP5K1A;MAPK1;FYN;PLCG1;PIP5K1C;RALGDS;CYTH1;MAPK3;EGF;INSR;PTPN11;KITLG;RHEB;GNAS;GRB2;KRAS"
"109","Fc gamma R-mediated phagocytosis","60/91",0.00117500552797342,0.00332019910656711,0,0,1.97377334594377,13.3160271927752,"NCF1;ARPC1B;ARPC1A;INPPL1;PIK3CD;PIK3CB;WASL;CRKL;CFL2;AKT2;AKT3;CFL1;AKT1;RAC1;VAV3;MAP2K1;SYK;PLA2G4E;PRKCB;PRKCE;PRKCD;PLA2G4A;PRKCA;GAB2;VAV2;DNM2;PIK3CA;RAF1;PLPP3;CRK;ARF6;PIK3R3;PIK3R2;ASAP1;ASAP2;PIK3R1;CDC42;PAK1;SCIN;PLCG2;PIP5K1A;MAPK1;PLCG1;PIP5K1C;WASF2;WASF3;MAPK3;LYN;VASP;MARCKSL1;GSN;MYO10;LIMK1;ARPC4;ARPC5;MARCKS;FCGR2A;RPS6KB1;ARPC2;ARPC3"
"110","Salmonella infection","57/86",0.0012792506601859,0.00358190184852052,0,0,2.00418969014479,13.3508711288463,"CXCL8;ARPC1B;ARPC1A;WASL;CXCL3;CXCL2;ACTB;ACTG1;PYCARD;CASP1;RAC1;IFNGR1;IFNGR2;RHOG;FOS;IL1A;DYNC1LI2;MYH9;TLR5;PFN1;TLR4;PFN2;RAB7A;ROCK1;ROCK2;PKN3;KLC1;RELA;CDC42;MAPK9;MAPK8;KLC2;CCL3;MYH14;FLNA;MAPK1;FLNB;FLNC;WASF2;MYH10;MAPK3;DYNC1H1;JUN;ARPC4;ARPC5;MAPK14;MAPK12;NFKB1;MAPK13;MAPK10;TJP1;MAPK11;IL6;ARPC2;ARPC3;PLEKHM2;PKN2"
"111","Th17 cell differentiation","69/107",0.00130224666297487,0.0036134411909573,0,0,1.85211263841977,12.304814622578,"HSP90AB1;RORA;CD3G;AHR;IL1RAP;CD3D;IKBKB;PPP3CA;PPP3CB;IKBKG;HLA-DOA;HLA-DOB;IL6R;JAK3;HLA-DPA1;JAK1;HSP90AA1;CHUK;IL1R1;IFNGR1;IFNGR2;FOS;TGFBR1;RUNX1;TGFBR2;IRF4;RARA;IL6ST;GATA3;HIF1A;RELA;RXRB;MAPK9;PPP3R1;MAPK8;RXRA;IL21R;MAPK1;STAT6;PLCG1;HLA-DQA1;MAPK3;SMAD2;STAT5A;SMAD4;HLA-DRB5;JUN;TGFB1;SMAD3;STAT1;STAT3;NFATC3;NFATC2;NFATC1;MAPK14;NFKB1;MAPK12;MAPK13;NFKBIA;MAPK10;MAPK11;IL6;CD4;IL2RA;IL2RB;HLA-DRA;NFKBIE;HLA-DRB1;NFKBIB"
"112","cGMP-PKG signaling pathway","102/166",0.00134335833954644,0.00366827339673965,0,0,1.62687531839022,10.7578473850423,"ATF2;GUCY1B1;IRS1;IRS4;CALML3;IRS2;CALML4;MYLK3;SLC8A1;MYLK;MYLK4;PPP1CB;PPP1CC;NPPC;RGS2;CREB3L1;AKT2;CREB3L2;AKT3;AKT1;GTF2I;MEF2A;GUCY1A2;MAP2K1;MAP2K2;PRKCE;ATP1B4;ATP1B3;ATP1B1;ADCY9;PPIF;AGTR1;VDAC2;RAF1;MYL9;ATF4;NPR1;ITPR1;ITPR2;ADRB1;CACNA1C;PIK3R6;PIK3R5;PPP3R1;KCNMB1;KCNMB4;VASP;INSR;NFATC3;NFATC2;NFATC1;GNAQ;PDE3A;CALM3;MRVI1;CALM1;CALM2;PDE3B;ATP2A2;PIK3CG;PPP3CA;PPP3CB;PRKG2;PPP1R12A;ADRA2B;RHOA;CREB1;ADRB3;KCNMA1;PDE5A;SLC25A5;PLCB1;CREB5;SLC25A6;OPRD1;ROCK1;ATF6B;ROCK2;SRF;GNAI3;ATP1A3;ADCY3;ATP1A2;ADCY1;ATP1A1;ADCY6;GNAI1;ADCY5;GNAI2;GNA13;GNA12;MAPK1;MEF2D;MAPK3;KCNJ8;BAD;ATP2B4;ATP2B3;ATP2B2;ATP2B1;PPP1CA;SLC8A3"
"113","Lysosome","78/123",0.00134582757737526,0.00366827339673965,0,0,1.76839109665616,11.6903846444952,"SCARB2;CTSZ;CLTC;HEXA;CLTB;CLTA;CTSV;LIPA;LITAF;CTSS;MFSD8;LAPTM4B;LAPTM4A;GNPTAB;LAMP1;GM2A;AP1G2;CTSL;AP1G1;CTSK;SMPD1;LAMP2;AP1S2;AP1S1;IDS;ACP2;AP3S2;AP1S3;CTSE;CTSD;CTSC;CTSB;ARSA;HGSNAT;ATP6V0B;ATP6AP1;ENTPD4;SLC11A2;AP1B1;AP3B1;NPC1;DNASE2;ATP6V0D1;ATP6V0D2;CD63;ASAH1;GBA;ABCB9;GNS;GGA2;AP3M2;GGA1;AP3M1;GGA3;PSAP;ATP6V0A2;SLC17A5;ATP6V1H;AP4S1;ATP6V0A1;CTSA;CD164;PSAPL1;SORT1;M6PR;LAPTM5;AP3D1;CTNS;AP4B1;IGF2R;GALC;GNPTG;GLB1;PPT1;TPP1;PPT2;CD68;GLA"
"114","Oocyte meiosis","79/125",0.00145087567673793,0.0039199097231165,0,0,1.75213016077853,11.4512008354228,"YWHAE;YWHAB;CALML3;CALML4;SMC3;IGF1R;CDC20;PPP1CB;PPP1CC;RPS6KA3;PPP3CA;RPS6KA6;PPP3CB;SLK;CDC23;PPP2R1B;YWHAQ;PPP2R1A;PPP2R5E;RPS6KA2;CDC27;RPS6KA1;BTRC;PRKACA;PRKACB;YWHAG;SKP1;YWHAH;MAP2K1;ANAPC7;FBXW11;PPP2R5A;PPP2R5D;PPP2R5C;CDC25C;SMC1A;YWHAZ;RBX1;SGO1;AR;ADCY9;CCNE2;CCNE1;PGR;ANAPC1;ANAPC2;CAMK2D;CAMK2A;ITPR1;ITPR2;ADCY3;ADCY1;PKMYT1;FBXO43;ADCY6;AURKA;ADCY5;PPP2CA;CCNB2;PPP2CB;PPP3R1;CCNB1;MAPK1;CAMK2G;BUB1;MAPK3;PLK1;IGF1;MAPK12;PPP1CA;MAD2L2;CDK2;CDK1;CALM3;CPEB3;CALM1;CPEB2;CALM2;CPEB4"
"115","Parathyroid hormone synthesis, secretion and action","68/106",0.00172043722960548,0.00460777971059554,0,0,1.82508510081173,11.6169893731075,"ATF2;CDKN1A;ARRB1;ARRB2;AKAP13;CREB3L1;CREB3L2;PDE4B;PDE4A;PRKACA;PRKACB;MEF2A;ARHGEF11;MAP2K1;PRKCB;PDE4D;PDE4C;PRKCA;FOS;RUNX2;RHOA;MMP14;ADCY9;CREB1;MMP16;MMP17;RAF1;PLCB1;ATF4;CREB5;GCM1;ATF6B;ITPR1;LRP5;GNAI3;ITPR2;ADCY3;GATA3;ADCY1;EGFR;ADCY6;GNAI1;LRP6;ADCY5;GNAI2;RXRB;GNA13;SLC9A3R1;CYP27B1;RXRA;GNA12;MAPK1;FGF23;MEF2D;MAPK3;EGR1;KL;JUND;VDR;BRAF;NR4A2;MAFB;NACA;SP1;GNAQ;GNAS;BCL2;FGFR1"
"116","Glucagon signaling pathway","66/103",0.00208283512866058,0.00553028637609879,0,0,1.81909368509714,11.2311303816387,"ATF2;CRTC2;PDE3B;SLC2A1;PRKAG1;CALML3;CALML4;PPP3CA;GYS1;PPP3CB;CREB3L1;AKT2;CREB3L2;AKT3;AKT1;EP300;PRKACA;PRKACB;PRKAB2;CPT1A;G6PC;PRMT1;PGAM1;PHKA1;PPP4R3B;CPT1C;CPT1B;SIRT1;CREB1;PKM;PGAM4;SIK1;SIK2;PLCB1;ATF4;CREB5;PRKAA1;CAMK2D;PRKAA2;CAMK2A;ITPR1;ITPR2;PDHB;ACACB;FOXO1;ACACA;LDHB;PPP3R1;LDHA;PPP4C;PHKG1;PHKG2;PCK1;PPARGC1A;CAMK2G;CREBBP;PDHA1;PHKB;GCK;PFKL;G6PC3;GNAQ;GNAS;CALM3;CALM1;CALM2"
"117","Leukocyte transendothelial migration","71/112",0.00219062376828222,0.00576677026180276,0,0,1.76617965448393,10.8153228923358,"ITGB1;ITK;NCF1;CTNND1;PIK3CD;PIK3CB;F11R;ARHGAP5;CLDN1;ARHGAP35;ACTB;ACTG1;ICAM1;CDH5;RAC1;VAV3;PRKCB;ACTN1;MMP2;CYBB;PRKCA;ACTN4;RHOA;VAV2;CLDN11;MYL5;CLDN4;PIK3CA;CLDN15;CLDN19;CLDN16;EZR;MYL9;VCL;RAPGEF3;ROCK1;ROCK2;TXK;PXN;GNAI3;PIK3R3;CXCR4;PIK3R2;PIK3R1;THY1;MYL12A;GNAI1;MYL12B;GNAI2;RAP1B;CDC42;RAP1A;PLCG2;CTNNA1;PLCG1;CD99;VASP;VCAM1;MSN;PTPN11;MAPK14;PTK2;MAPK12;MAPK13;MYLPF;MAPK11;OCLN;CXCL12;CTNNB1;BCAR1;SIPA1"
"118","Vibrio cholerae infection","35/50",0.00273431507354845,0.00713702578519427,0,0,2.3772515685084,14.0302399477923,"ERO1A;ATP6V1A;ARF1;KDELR1;ADCY3;ACTB;ACTG1;SEC61A2;SEC61A1;PLCG2;ATP6V0A2;ATP6V1H;PLCG1;ATP6V1E1;PRKACA;ATP6V1G3;PRKACB;ATP6V1C1;ATP6V1F;ATP6V0A1;SLC12A2;ATP6V1G1;ATP6V0B;ATP6V0E1;ATP6AP1;PRKCA;TJP1;ADCY9;ATP6V1B2;GNAS;KDELR2;ATP6V0D1;ATP6V0D2;ATP6V1B1;TJP2"
"119","NF-kappa B signaling pathway","61/95",0.00280807484943012,0.00726795843381914,0,0,1.82925002387319,10.7473124295888,"CXCL8;TNFAIP3;TNFRSF13C;CXCL2;ICAM1;IKBKB;PIDD1;PLAU;TRIM25;ERC1;IKBKG;MAP3K7;PIAS4;CARD10;SYK;CSNK2A1;CHUK;PARP1;IL1R1;PRKCB;CSNK2A3;CSNK2A2;TRAF2;IRAK4;TRAF1;TIRAP;TRAF3;TRAF6;TRAF5;BTK;TLR4;CARD14;CARD11;BIRC2;BCL2A1;XIAP;TNFRSF11A;BCL10;PTGS2;RELA;MALT1;IRAK1;PLCG2;PLCG1;LYN;UBE2I;VCAM1;GADD45B;TNFSF14;CFLAR;NFKB1;NFKBIA;CXCL12;CD40LG;BCL2;TAB3;ATM;TAB2;TAB1;MAP3K14;BCL2L1"
"120","Gap junction","57/88",0.00285084722999048,0.00731717455697556,0,0,1.87451416606687,10.98491367409,"GUCY1B1;GRM1;TUBB8;TUBA1C;TUBB6;GRM5;GJA1;TUBA1B;PRKG2;PRKACA;HRAS;PRKACB;PDGFRB;PDGFRA;GUCY1A2;MAP2K1;MAP2K2;PRKCB;TUBB;CSNK1D;PRKCA;GJD2;TUBB2A;ADCY9;RAF1;SOS1;PLCB1;SOS2;TUBAL3;ITPR1;PDGFB;GNAI3;LPAR1;ITPR2;ADCY3;ADRB1;ADCY1;EGFR;ADCY6;GNAI1;ADCY5;GNAI2;NRAS;MAPK7;PDGFC;MAPK1;MAPK3;MAP3K2;EGF;TUBB4B;TUBB4A;TJP1;GNAQ;CDK1;GNAS;KRAS;GRB2"
"121","Huntington disease","115/193",0.00320448383845129,0.00815686795242146,0,0,1.50489303595812,8.6429080805488,"NDUFA13;NDUFA11;NDUFA12;NDUFA10;COX6A1;NDUFC2-KCTD14;CREB3L1;CREB3L2;EP300;AP2M1;SDHC;SDHD;SDHB;COX6B1;COX7A2L;TBPL2;PPIF;TBPL1;TFAM;VDAC2;UQCRC2;TP53;UQCRB;NDUFB11;ATP5MC2;ITPR1;ATP5MC3;NRF1;ATP5MC1;NDUFV3;PPARGC1A;NDUFV1;CREBBP;DNAH17;BDNF;GRIN2B;UQCRQ;DLG4;SP1;GNAQ;CYCS;RCOR1;DNAL1;COX7B;HIP1;COX4I1;CLTC;CLTB;CLTA;AP2A1;COX7C;AP2A2;BBC3;GRM5;CASP8;SIN3A;CASP3;UQCRFS1;COX8A;GPX1;TBP;APAF1;CREB1;NDUFS8;NDUFS7;NDUFS5;NDUFS3;NDUFS2;PPARG;NDUFS1;HAP1;PLCB1;SLC25A5;CREB5;SLC25A6;DNAH3;NDUFB8;HDAC2;NDUFB6;DCTN2;NDUFB5;NDUFB4;DCTN4;UCP1;NDUFB2;HTT;UQCR11;DNAH9;COX5B;ATP5F1A;ATP5F1B;POLR2A;POLR2B;POLR2C;POLR2D;POLR2E;POLR2F;POLR2H;POLR2J3;NDUFA8;NDUFA7;NDUFA6;NDUFA5;ATP5PB;NDUFA3;NDUFA2;AP2B1;COX6C;ATP5F1C;SOD2;ATP5F1D;ATP5F1E;SOD1;REST;BAX"
"122","Aldosterone-regulated sodium reabsorption","27/37",0.00325997557718423,0.00823010227682577,0,0,2.74995955510617,15.7463662431544,"IRS1;NEDD4L;PIK3CD;PIK3R3;ATP1A3;ATP1A2;PIK3R2;PIK3CB;PIK3R1;ATP1A1;SLC9A3R2;MAPK1;SFN;KCNJ1;MAPK3;PDPK1;PRKCB;INSR;ATP1B4;ATP1B3;PRKCA;IGF1;ATP1B1;PIK3CA;SCNN1A;KRAS;SGK1"
"123","Vasopressin-regulated water reabsorption","31/44",0.00403767498916684,0.0101106007858812,0,0,2.42899827261551,13.3888479807352,"DCTN6;DCTN5;RAB5B;RAB5C;DCTN2;DCTN4;ADCY3;AQP4;AQP2;AQP3;ADCY6;DYNC2LI1;CREB3L1;ARHGDIA;CREB3L2;STX4;PRKACA;PRKACB;NSF;DYNC1H1;DYNLL1;DYNLL2;RAB11A;RAB11B;DYNC1LI2;CREB1;ADCY9;GNAS;RAB5A;VAMP2;CREB5"
"124","Gastric acid secretion","49/75",0.00423527592227305,0.0105198789037105,0,0,1.92071107854448,10.4953546076361,"CHRM3;CALML3;CALML4;SLC4A2;ACTB;MYLK3;MYLK4;MYLK;CA2;PRKACA;PRKACB;KCNK10;PRKCB;ATP1B4;ATP1B3;PRKCA;SSTR2;ATP1B1;SLC9A4;ADCY9;EZR;PLCB1;CAMK2D;CAMK2A;ITPR1;GNAI3;ITPR2;ATP1A3;ADCY3;ATP1A2;ADCY1;ATP1A1;ADCY6;GNAI1;ADCY5;SLC9A1;GNAI2;HRH2;KCNJ1;CAMK2G;KCNJ2;KCNJ10;KCNJ15;ATP4A;GNAQ;GNAS;CALM3;CALM1;CALM2"
"125","Basal cell carcinoma","42/63",0.00455505942463152,0.0112038204388289,0,0,2.03787341772152,10.9872285688861,"GSK3B;CDKN1A;WNT2B;HHIP;GLI3;GLI2;SHH;WNT11;SUFU;DVL3;POLK;BAK1;WNT1;WNT2;WNT3;WNT4;APC2;TCF7L2;WNT10A;FZD3;FZD2;FZD5;GADD45B;FZD4;GADD45A;PTCH1;FZD7;WNT7B;WNT5A;PTCH2;FZD6;WNT9B;FZD9;WNT7A;AXIN2;WNT9A;KIF7;WNT16;APC;BAX;CTNNB1;TP53"
"126","Amyotrophic lateral sclerosis (ALS)","35/51",0.00458338108861182,0.0112038204388289,0,0,2.22845198340417,12.0009233009566,"GRIA2;TOMM40;SLC1A2;DERL1;PPP3CA;PPP3CB;PPP3R1;GRIN2A;CASP3;CASP1;NEFL;NEFM;RAC1;BID;NEFH;MAP2K6;MAP2K3;GPX1;APAF1;BAD;TNFRSF1B;MAPK14;GRIN2B;MAPK12;GRIN2D;MAPK13;SOD1;MAPK11;CCS;BCL2;BAX;CYCS;TP53;RAB5A;BCL2L1"
"127","Type II diabetes mellitus","32/46",0.00479070629525257,0.0116184058184078,0,0,2.32826071247923,12.4354207341811,"IRS1;CACNA1B;IRS4;CACNA1A;PIK3CD;PIK3R3;IRS2;PIK3R2;PIK3CB;PIK3R1;CACNA1C;SLC2A4;PRKCZ;HK2;HK1;IKBKB;SOCS3;MAPK9;MAPK8;SOCS1;MAPK1;SOCS4;MAPK3;ABCC8;INSR;PRKCE;ADIPOQ;PRKCD;GCK;MAPK10;PKM;PIK3CA"
"128","IL-17 signaling pathway","59/93",0.00485004589669815,0.0116704229389299,0,0,1.76891566121275,9.4261395973217,"GSK3B;CSF3;CXCL8;HSP90AB1;TRAF3IP2;TNFAIP3;CXCL3;CXCL2;ELAVL1;CXCL5;IKBKB;CASP8;TBK1;CASP3;IKBKG;MAP3K7;IKBKE;HSP90AA1;CHUK;MMP3;TRAF2;FOS;IL17RB;IL17RA;TRAF4;TRAF3;TRAF6;TRAF5;S100A9;CEBPB;CCL11;SRSF1;PTGS2;RELA;HSP90B1;MAPK9;MAPK8;MAPK7;CCL2;MAPK1;MAPK6;MAPK3;USP25;JUN;JUND;MAPK14;MUC5B;MAPK12;NFKB1;MAPK13;NFKBIA;MAPK10;FOSL1;MAPK11;CXCL10;IL6;FOSB;TAB3;TAB2"
"129","Long-term depression","40/60",0.00556828236039554,0.0132715809014788,0,0,2.03766325807431,10.5768347847067,"GRIA2;GUCY1B1;ITPR1;GNAI3;ITPR2;CACNA1A;GRM1;GNAI1;IGF1R;GNAI2;PPP2CA;GNA13;PPP2CB;NRAS;PPP2R1B;PPP2R1A;GNA12;PRKG2;MAPK1;HRAS;GRIA3;MAPK3;LYN;GUCY1A2;MAP2K1;MAP2K2;PLA2G4E;PRKCB;PLA2G4A;PRKCA;BRAF;IGF1;GNAO1;JMJD7-PLA2G4B;GNAQ;CRH;GNAS;KRAS;RAF1;PLCB1"
"130","Notch signaling pathway","33/48",0.00560164128958521,0.0132715809014788,0,0,2.24095507891542,11.6186700198208,"RBPJL;NOTCH2;NOTCH3;HDAC2;NUMBL;NOTCH1;CTBP2;MAML2;CTBP1;MAML1;DTX2;DTX4;RBPJ;DLL1;DLL4;LFNG;APH1A;NCSTN;APH1B;EP300;DVL3;HES1;PSENEN;JAG2;CREBBP;JAG1;DTX3L;KAT2B;KAT2A;ADAM17;SNW1;NUMB;MAML3"
"131","Pertussis","49/76",0.00623164884946161,0.0146515102720166,0,0,1.84938972210962,9.39141242808172,"ITGB1;CXCL8;CALML3;CALML4;C4BPB;CXCL5;PYCARD;CASP7;CFL2;CASP3;CFL1;CASP1;IL12B;IRAK4;FOS;RHOA;TIRAP;IL1A;IRF3;IRF1;TRAF6;SERPING1;ITGA5;TLR4;C1S;C1R;GNAI3;RELA;GNAI1;GNAI2;C2;C3;MAPK9;MAPK8;IRAK1;MAPK1;MAPK3;JUN;MAPK14;MAPK12;NFKB1;MAPK13;MAPK10;MAPK11;IL6;CALM3;SFTPA1;CALM1;CALM2"
"132","N-Glycan biosynthesis","34/50",0.00646687702674781,0.0150893797290782,0,0,2.16456288576343,10.9116956498588,"B4GALT2;B4GALT3;B4GALT1;RPN2;RPN1;FUT8;GANAB;MAN1A2;MAN2A1;MGAT5B;MGAT5;MAN1A1;MGAT1;ST6GAL1;ALG9;ST6GAL2;ALG6;SRD5A3;ALG14;ALG2;ALG13;MOGS;ALG1;ALG10;DDOST;MGAT4C;DPM2;DPM3;DAD1;MGAT4A;MGAT4B;STT3A;STT3B;ALG10B"
"133","Cholinergic synapse","69/112",0.00685010596533136,0.0158634032881358,0,0,1.63593599455916,8.15267256301719,"CHRM3;PIK3CD;PIK3CB;PIK3CG;CREB3L1;AKT2;CREB3L2;AKT3;AKT1;PRKACA;PRKACB;HRAS;MAP2K1;PRKCB;PRKCA;FOS;SLC5A7;ADCY9;CREB1;PIK3CA;KCNQ3;KCNQ5;PLCB1;ATF4;CREB5;CAMK2D;CHRNA6;CAMK2A;CACNA1B;ITPR1;GNAI3;CACNA1A;ITPR2;PIK3R3;ADCY3;PIK3R2;PIK3R1;CACNA1C;ADCY1;PIK3R6;ADCY6;GNAI1;PIK3R5;ADCY5;GNAI2;NRAS;GNG3;GNG2;GNG5;GNG4;MAPK1;FYN;CAMK2G;KCNJ2;MAPK3;KCNJ3;KCNJ6;KCNJ12;KCNJ14;GNG12;GNAO1;GNB2;GNAQ;CAMK4;GNB1;BCL2;GNB3;KRAS;GNB5"
"134","Ferroptosis","28/40",0.00713654852500304,0.0164034100425443,0,0,2.37627667104864,11.7448092758692,"STEAP3;TFRC;ALOX15;SLC40A1;SLC3A2;SLC7A11;MAP1LC3B;PCBP1;FTH1;PCBP2;HMOX1;SLC39A8;ATG7;PRNP;GPX4;ACSL1;NCOA4;SLC11A2;ACSL6;CYBB;ACSL4;ACSL3;SLC39A14;GCLC;LPCAT3;VDAC2;GCLM;TP53"
"135","Prion diseases","25/35",0.00724818560721308,0.0165366012371973,0,0,2.54574403558431,12.5428913072646,"NOTCH1;LAMC1;C8A;ELK1;STIP1;C6;C7;CCL5;MAPK1;NCAM1;FYN;NCAM2;PRKACA;PRKACB;MAPK3;EGR1;PRNP;MAP2K1;MAP2K2;HSPA5;SOD1;IL1A;IL6;BAX;HSPA1A"
"136","Aldosterone synthesis and secretion","61/98",0.00775771578901064,0.0175553061162377,0,0,1.68043063355563,8.16532561739202,"ATF1;ATF2;SCARB1;DAGLA;CALML3;CALML4;CREB3L1;CREB3L2;PRKACA;PRKACB;CAMK1D;PRKCB;PRKCE;ATP1B4;ATP1B3;PRKCA;ATP1B1;ADCY9;CREB1;PRKD3;AGTR1;ORAI1;PRKD2;PRKD1;PLCB1;ATF4;CREB5;CAMK2D;ATF6B;NPR1;CAMK2A;ITPR1;ITPR2;ATP1A3;ADCY3;ATP1A2;CACNA1C;ADCY1;ATP1A1;CACNA1H;ADCY6;ADCY5;MC2R;LDLR;CAMK2G;KCNJ5;HSD3B1;ATP2B4;ATP2B3;ATP2B2;ATP2B1;NR4A2;STAR;CYP11B2;GNAQ;CAMK4;GNAS;CALM3;CALM1;CALM2;KCNK3"
"137","Alzheimer disease","101/171",0.00780869135689796,0.0175553061162377,0,0,1.47181423914309,7.14200492488354,"APP;NDUFA13;NDUFA11;NDUFA12;NDUFA10;CALML3;CALML4;COX6A1;NDUFC2-KCTD14;CAPN2;ADAM10;SDHC;SDHD;SDHB;COX6B1;ERN1;COX7A2L;ADAM17;UQCRC2;ATF6;RTN3;UQCRB;NDUFB11;ATP5MC2;ITPR1;LPL;ATP5MC3;ITPR2;CACNA1C;RTN4;ATP5MC1;APH1A;NCSTN;PPP3R1;GRIN2A;APH1B;NDUFV3;APOE;NAE1;NDUFV1;GRIN2B;GRIN2D;UQCRQ;GNAQ;CYCS;CALM3;CALM1;CALM2;GSK3B;COX7B;COX4I1;ATP2A2;IDE;COX7C;PPP3CA;PPP3CB;CASP7;CASP8;CASP3;UQCRFS1;COX8A;PSENEN;APAF1;MME;BACE2;NDUFS8;NDUFS7;NDUFS5;NDUFS3;NDUFS2;NDUFS1;MAPT;PLCB1;GAPDH;NDUFB8;LRP1;NDUFB6;NDUFB5;NDUFB4;NDUFB2;UQCR11;COX5B;ATP5F1A;ATP5F1B;MAPK1;BID;MAPK3;NDUFA8;NDUFA7;NDUFA6;NDUFA5;BAD;ATP5PB;NDUFA3;NDUFA2;COX6C;ATP5F1C;ATP5F1D;ATP5F1E;FAS;CDK5R1"
"138","Sphingolipid metabolism","32/47",0.00792306915842735,0.0176833717448958,0,0,2.17282751643905,10.5120887416829,"ASAH1;ASAH2;CERK;SGMS1;GBA;SGMS2;GBA2;SMPD3;UGCG;UGT8;SGPL1;SMPD4;SPTLC1;SPTLC2;SPTLC3;SMPD1;KDSR;ARSA;CERS4;CERS6;SGPP2;SGPP1;ACER2;GALC;GLB1;ACER3;DEGS1;PLPP3;B4GALT6;GLA;CERS1;CERS2"
"139","Morphine addiction","57/91",0.00819787521727863,0.0181650760210203,0,0,1.70860577496719,8.20793758546962,"GABRB3;GABRB2;GABRB1;PDE3B;ARRB1;ARRB2;GABRR2;PDE4B;PDE4A;PRKACA;PRKACB;PRKCB;PDE4D;PDE4C;PRKCA;OPRM1;GABRG2;GABRG1;ADCY9;PDE1B;PDE1A;CACNA1B;GNAI3;ADCY3;CACNA1A;ADCY1;ADCY6;GNAI1;ADCY5;GNAI2;PDE11A;GNG3;GRK3;GNG2;GRK2;GNG5;GRK5;GRK4;GNG4;GRK6;KCNJ3;GABRQ;KCNJ5;GABBR2;GABRA1;KCNJ6;GABBR1;GNG12;GNAO1;PDE10A;GNB2;GNB1;PDE3A;GNAS;GNB3;GNB5;PDE7A"
"140","Circadian entrainment","60/97",0.00993496059764003,0.0218569133148081,0,0,1.6527149042113,7.62181767003072,"RYR2;GUCY1B1;CALML3;CALML4;RPS6KA5;PRKG2;PRKACA;PRKACB;GUCY1A2;PRKCB;PRKCA;FOS;ADCYAP1;ADCY9;CREB1;NOS1AP;PLCB1;GRIA2;ADCYAP1R1;CAMK2D;CAMK2A;ITPR1;GNAI3;ADCY3;CACNA1C;ADCY1;CACNA1H;ADCY6;GNAI1;ADCY5;GNAI2;GRIN2A;GNG3;GNG2;RASD1;GNG5;GNG4;MAPK1;CAMK2G;GRIA3;MAPK3;KCNJ3;KCNJ5;KCNJ6;GNG12;GRIN2B;GRIN2D;GNAO1;PER2;PER1;PER3;GNB2;GNAQ;GNB1;GNAS;GNB3;CALM3;GNB5;CALM1;CALM2"
"141","Regulation of lipolysis in adipocytes","36/55",0.0127359285570792,0.0278203262097901,0,0,1.92982811243269,8.42047353880389,"IRS1;NPR1;PDE3B;PTGER3;IRS4;GNAI3;PIK3CD;PIK3R3;ADCY3;IRS2;ADRB1;PIK3R2;PIK3CB;ABHD5;ADCY1;PIK3R1;PTGS2;ADCY6;GNAI1;ADCY5;GNAI2;AKT2;AKT3;AKT1;PRKG2;PRKACA;PRKACB;INSR;ADCY9;FABP4;PIK3CA;ADRB3;GNAS;PLIN1;MGLL;PNPLA2"
"142","Protein export","17/23",0.0156677581266443,0.0339835880493413,0,0,2.8839898989899,11.9862954859278,"SRP19;HSPA5;SRP54;SRP68;SRP9;SEC61A2;OXA1L;SPCS3;SEC61A1;SPCS2;IMMP2L;SPCS1;SRPRA;SRPRB;SEC62;SEC11A;SEC63"
"143","Tuberculosis","103/179",0.0194078803973855,0.041801588548215,0,0,1.38191546984437,5.44761593116447,"CALML3;CALML4;LAMP1;AKT2;LAMP2;AKT3;AKT1;IL12B;EP300;HLA-DOA;HLA-DOB;RFX5;RAF1;ATP6V0D1;ATP6V0D2;RAB5B;RAB5C;BCL10;C3;CYP27B1;PPP3R1;IRAK1;IRAK2;ATP6V0A2;ATP6V1H;HLA-DQA1;ATP6V0A1;HSPA9;TGFB2;CREBBP;HLA-DRB5;TGFB1;VDR;RFXANK;NFKB1;IL6;CD209;BCL2;HLA-DRA;CYCS;CALM3;CALM1;CALM2;RAB5A;HLA-DRB1;CIITA;CTSS;EEA1;MRC2;PPP3CA;PPP3CB;CASP8;FCGR3B;CASP10;CASP3;CTSD;HLA-DPA1;JAK1;ATP6V0B;ARHGEF12;ATP6AP1;APAF1;SYK;RIPK2;IFNGR1;IFNGR2;IRAK4;TIRAP;RHOA;IL1A;CREB1;TRAF6;PIK3C3;TLR6;TLR4;RAB7A;CEBPB;CAMK2D;CEBPG;CAMK2A;RELA;MALT1;HSPD1;MAPK9;MAPK8;MAPK1;BID;CAMK2G;MAPK3;NFYA;BAD;IL10RB;STAT1;NFYB;IFNB1;NFYC;MAPK14;MAPK12;MAPK13;MAPK10;MAPK11;FCGR2A;BAX"
"144","Renin secretion","43/69",0.0224859700443312,0.0480949914837083,0,0,1.68449774855487,6.39243938878656,"ADCYAP1R1;GUCY1B1;NPR1;PDE1B;PDE1A;PDE3B;ITPR1;GNAI3;ITPR2;CALML3;ADRB1;CALML4;CACNA1C;ADCY6;GNAI1;AQP1;ADCY5;GNAI2;PPP3CA;PPP3CB;PPP3R1;PRKG2;PRKACA;PRKACB;KCNJ2;CTSB;GUCY1A2;EDN1;EDN2;EDN3;ADCYAP1;CREB1;ADRB3;GNAQ;KCNMA1;AGTR1;PDE3A;GNAS;ORAI1;CALM3;PLCB1;CALM1;CALM2"
