Position;miRNA ID;Plate
A01;hsa-miR-346;Plate 1
A02;hsa-miR-196b;Plate 1
A03;hsa-miR-214;Plate 1
A04;hsa-miR-223;Plate 1
A05;hsa-miR-643;Plate 1
A06;hsa-miR-608;Plate 1
A07;hsa-miR-376b;Plate 1
A08;hsa-miR-944;Plate 1
A09;hsa-miR-211;Plate 1
A10;hsa-miR-612;Plate 1
A11;hsa-miR-194;Plate 1
A12;hsa-miR-411;Plate 1
A13;hsa-miR-548c-3p;Plate 1
A14;hsa-miR-299-3p;Plate 1
A15;hsa-miR-523;Plate 1
A16;hsa-miR-382;Plate 1
A17;hsa-miR-515-3p;Plate 1
A18;hsa-miR-375;Plate 1
A19;hsa-miR-196a;Plate 1
A20;hsa-miR-658;Plate 1
A21;hsa-miR-106b;Plate 1
A22;hsa-miR-210;Plate 1
A23;hsa-miR-511;Plate 1
A24;hsa-miR-514;Plate 1
B01;hsa-miR-659;Plate 1
B02;hsa-miR-597;Plate 1
B03;hsa-miR-130a;Plate 1
B04;hsa-miR-652;Plate 1
B05;hsa-miR-183;Plate 1
B06;hsa-miR-192;Plate 1
B07;hsa-miR-30c;Plate 1
B08;hsa-miR-421;Plate 1
B09;hsa-miR-512-5p;Plate 1
B10;hsa-miR-29c;Plate 1
B11;hsa-miR-410;Plate 1
B12;hsa-miR-938;Plate 1
B13;hsa-miR-641;Plate 1
B14;hsa-let-7i;Plate 1
B15;hsa-miR-628-3p;Plate 1
B16;hsa-miR-188-5p;Plate 1
B17;hsa-miR-92a;Plate 1
B18;hsa-miR-126;Plate 1
B19;hsa-miR-181c;Plate 1
B20;hsa-miR-30b;Plate 1
B21;hsa-miR-370;Plate 1
B22;hsa-miR-301b;Plate 1
B23;hsa-miR-340;Plate 1
B24;hsa-miR-15b;Plate 1
C01;hsa-miR-330-3p;Plate 1
C02;hsa-miR-372;Plate 1
C03;hsa-miR-379;Plate 1
C04;hsa-miR-93;Plate 1
C05;hsa-miR-10a;Plate 1
C06;hsa-miR-193b;Plate 1
C07;hsa-miR-651;Plate 1
C08;hsa-miR-618;Plate 1
C09;hsa-miR-518a-3p;Plate 1
C10;hsa-miR-647;Plate 1
C11;hsa-miR-15a;Plate 1
C12;hsa-miR-564;Plate 1
C13;hsa-miR-548d-3p;Plate 1
C14;hsa-miR-371-3p;Plate 1
C15;hsa-miR-190;Plate 1
C16;hsa-miR-33a;Plate 1
C17;hsa-miR-504;Plate 1
C18;hsa-miR-18b;Plate 1
C19;hsa-miR-506;Plate 1
C20;hsa-miR-324-5p;Plate 1
C21;hsa-miR-215;Plate 1
C22;hsa-miR-200c;Plate 1
C23;hsa-miR-95;Plate 1
C24;hsa-miR-376a;Plate 1
D01;hsa-miR-29a;Plate 1
D02;hsa-miR-26b;Plate 1
D03;hsa-let-7a;Plate 1
D04;hsa-miR-770-5p;Plate 1
D05;hsa-let-7g;Plate 1
D06;hsa-miR-25;Plate 1
D07;hsa-miR-532-5p;Plate 1
D08;hsa-miR-563;Plate 1
D09;hsa-miR-433;Plate 1
D10;hsa-miR-144;Plate 1
D11;hsa-miR-501-5p;Plate 1
D12;hsa-miR-425;Plate 1
D13;hsa-miR-32;Plate 1
D14;hsa-miR-621;Plate 1
D15;hsa-miR-505;Plate 1
D16;hsa-miR-633;Plate 1
D17;hsa-miR-744;Plate 1
D18;hsa-miR-26a;Plate 1
D19;hsa-miR-28-5p;Plate 1
D20;hsa-miR-581;Plate 1
D21;hsa-miR-10b;Plate 1
D22;hsa-miR-576-5p;Plate 1
D23;hsa-miR-555;Plate 1
D24;hsa-miR-605;Plate 1
E01;hsa-miR-520d-3p;Plate 1
E02;hsa-miR-455-5p;Plate 1
E03;hsa-miR-497;Plate 1
E04;hsa-miR-646;Plate 1
E05;hsa-miR-548b-3p;Plate 1
E06;hsa-miR-24;Plate 1
E07;hsa-miR-522;Plate 1
E08;hsa-miR-575;Plate 1
E09;hsa-miR-187;Plate 1
E10;hsa-miR-615-3p;Plate 1
E11;hsa-miR-18a;Plate 1
E12;hsa-miR-222;Plate 1
E13;hsa-miR-9;Plate 1
E14;hsa-miR-125b;Plate 1
E15;hsa-miR-365;Plate 1
E16;hsa-miR-325;Plate 1
E17;hsa-miR-184;Plate 1
E18;hsa-miR-660;Plate 1
E19;hsa-miR-148b;Plate 1
E20;hsa-let-7c;Plate 1
E21;hsa-miR-542-3p;Plate 1
E22;hsa-miR-558;Plate 1
E23;hsa-miR-579;Plate 1
E24;hsa-miR-595;Plate 1
F01;hsa-miR-185;Plate 1
F02;hsa-miR-362-5p;Plate 1
F03;hsa-miR-376c;Plate 1
F04;hsa-miR-542-5p;Plate 1
F05;hsa-miR-155;Plate 1
F06;hsa-miR-200a*;Plate 1
F07;hsa-miR-648;Plate 1
F08;hsa-miR-206;Plate 1
F09;hsa-miR-363;Plate 1
F10;hsa-miR-124;Plate 1
F11;hsa-miR-148a;Plate 1
F12;hsa-miR-650;Plate 1
F13;hsa-miR-132;Plate 1
F14;hsa-miR-559;Plate 1
F15;hsa-miR-369-5p;Plate 1
F16;hsa-miR-484;Plate 1
F17;hsa-miR-524-3p;Plate 1
F18;hsa-miR-616*;Plate 1
F19;hsa-miR-423-3p;Plate 1
F20;hsa-miR-556-5p;Plate 1
F21;hsa-miR-619;Plate 1
F22;hsa-miR-424;Plate 1
F23;hsa-miR-622;Plate 1
F24;hsa-miR-582-5p;Plate 1
G01;hsa-miR-549;Plate 1
G02;hsa-miR-486-5p;Plate 1
G03;hsa-miR-302c;Plate 1
G04;hsa-miR-125a-5p;Plate 1
G05;hsa-miR-20b;Plate 1
G06;hsa-miR-630;Plate 1
G07;hsa-miR-525-3p;Plate 1
G08;hsa-miR-512-3p;Plate 1
G09;hsa-miR-384;Plate 1
G10;hsa-miR-186;Plate 1
G11;hsa-miR-149;Plate 1
G12;hsa-miR-146b-5p;Plate 1
G13;hsa-miR-141;Plate 1
G14;hsa-miR-23b;Plate 1
G15;hsa-miR-487b;Plate 1
G16;hsa-miR-422a;Plate 1
G17;hsa-miR-635;Plate 1
G18;hsa-miR-296-5p;Plate 1
G19;hsa-miR-152;Plate 1
G20;hsa-miR-22;Plate 1
G21;hsa-miR-450a;Plate 1
G22;hsa-miR-212;Plate 1
G23;hsa-miR-361-5p;Plate 1
G24;hsa-miR-429;Plate 1
H01;hsa-miR-23a;Plate 1
H02;hsa-miR-208a;Plate 1
H03;hsa-miR-485-3p;Plate 1
H04;hsa-miR-487a;Plate 1
H05;hsa-miR-19b;Plate 1
H06;hsa-miR-488;Plate 1
H07;hsa-miR-449a;Plate 1
H08;hsa-miR-103a;Plate 1
H09;hsa-miR-649;Plate 1
H10;hsa-miR-96;Plate 1
H11;hsa-miR-203;Plate 1
H12;hsa-miR-142-3p;Plate 1
H13;hsa-miR-639;Plate 1
H14;hsa-miR-551a;Plate 1
H15;hsa-miR-769-5p;Plate 1
H16;hsa-miR-562;Plate 1
H17;hsa-miR-657;Plate 1
H18;hsa-miR-624*;Plate 1
H19;hsa-miR-610;Plate 1
H20;hsa-miR-127-3p;Plate 1
H21;hsa-miR-134;Plate 1
H22;hsa-miR-412;Plate 1
H23;hsa-let-7f;Plate 1
H24;hsa-miR-566;Plate 1
I01;hsa-miR-492;Plate 1
I02;hsa-miR-122;Plate 1
I03;hsa-miR-518b;Plate 1
I04;hsa-miR-585;Plate 1
I05;hsa-miR-34a;Plate 1
I06;hsa-miR-502-5p;Plate 1
I07;hsa-miR-452;Plate 1
I08;hsa-miR-508-3p;Plate 1
I09;hsa-miR-607;Plate 1
I10;hsa-miR-133b;Plate 1
I11;hsa-miR-143;Plate 1
I12;hsa-miR-766;Plate 1
I13;hsa-miR-600;Plate 1
I14;hsa-miR-142-5p;Plate 1
I15;hsa-miR-202;Plate 1
I16;hsa-miR-19a;Plate 1
I17;hsa-miR-583;Plate 1
I18;hsa-miR-448;Plate 1
I19;hsa-miR-130b;Plate 1
I20;hsa-miR-128;Plate 1
I21;hsa-miR-454;Plate 1
I22;hsa-miR-524-5p;Plate 1
I23;hsa-miR-182;Plate 1
I24;hsa-miR-495;Plate 1
J01;hsa-miR-335;Plate 1
J02;hsa-miR-135b;Plate 1
J03;hsa-miR-34c-5p;Plate 1
J04;hsa-miR-1;Plate 1
J05;hsa-miR-662;Plate 1
J06;hsa-miR-27a;Plate 1
J07;hsa-miR-320a;Plate 1
J08;hsa-miR-942;Plate 1
J09;hsa-miR-591;Plate 1
J10;hsa-miR-16;Plate 1
J11;hsa-miR-100;Plate 1
J12;hsa-miR-626;Plate 1
J13;hsa-miR-758;Plate 1
J14;hsa-let-7e;Plate 1
J15;hsa-miR-493;Plate 1
J16;hsa-miR-374a;Plate 1
J17;hsa-miR-129-5p;Plate 1
J18;hsa-miR-589;Plate 1
J19;hsa-miR-518d-3p;Plate 1
J20;hsa-miR-571;Plate 1
J21;hsa-miR-623;Plate 1
J22;hsa-miR-338-3p;Plate 1
J23;hsa-miR-138;Plate 1
J24;hsa-miR-27b;Plate 1
K01;hsa-miR-637;Plate 1
K02;hsa-miR-383;Plate 1
K03;hsa-miR-195;Plate 1
K04;hsa-miR-513a-5p;Plate 1
K05;hsa-miR-548a-5p;Plate 1
K06;hsa-miR-519e*;Plate 1
K07;hsa-miR-362-3p;Plate 1
K08;hsa-miR-342-3p;Plate 1
K09;hsa-miR-587;Plate 1
K10;hsa-miR-331-3p;Plate 1
K11;hsa-miR-877;Plate 1
K12;hsa-miR-329;Plate 1
K13;hsa-miR-140-3p;Plate 1
K14;hsa-miR-590-5p;Plate 1
K15;hsa-miR-548c-5p;Plate 1
K16;hsa-miR-135a;Plate 1
K17;hsa-miR-501-3p;Plate 1
K18;hsa-miR-219-5p;Plate 1
K19;hsa-miR-378;Plate 1
K20;hsa-miR-139-5p;Plate 1
K21;hsa-miR-935;Plate 1
K22;hsa-miR-515-5p;Plate 1
K23;hsa-miR-331-5p;Plate 1
K24;hsa-miR-496;Plate 1
L01;hsa-miR-885-5p;Plate 1
L02;hsa-miR-629;Plate 1
L03;hsa-miR-502-3p;Plate 1
L04;hsa-miR-99a;Plate 1
L05;hsa-miR-767-5p;Plate 1
L06;hsa-miR-380;Plate 1
L07;hsa-miR-197;Plate 1
L08;hsa-miR-578;Plate 1
L09;hsa-let-7b;Plate 1
L10;hsa-miR-518c;Plate 1
L11;hsa-miR-181b;Plate 1
L12;hsa-miR-937;Plate 1
L13;hsa-miR-432;Plate 1
L14;hsa-miR-7;Plate 1
L15;hsa-miR-302b;Plate 1
L16;hsa-miR-489;Plate 1
L17;hsa-miR-20a;Plate 1
L18;hsa-miR-337-3p;Plate 1
L19;hsa-miR-567;Plate 1
L20;hsa-miR-218;Plate 1
L21;hsa-miR-101;Plate 1
L22;hsa-miR-205;Plate 1
L23;hsa-miR-613;Plate 1
L24;hsa-miR-98;Plate 1
M01;hsa-miR-369-3p;Plate 1
M02;hsa-miR-190b;Plate 1
M03;hsa-miR-345;Plate 1
M04;hsa-miR-219-2-3p;Plate 1
M05;hsa-miR-21;Plate 1
M06;hsa-miR-554;Plate 1
M07;hsa-miR-361-3p;Plate 1
M08;hsa-miR-193a-5p;Plate 1
M09;hsa-miR-548d-5p;Plate 1
M10;hsa-miR-498;Plate 1
M11;hsa-miR-576-3p;Plate 1
M12;hsa-miR-518f*;Plate 1
M13;hsa-miR-208b;Plate 1
M14;hsa-miR-191;Plate 1
M15;hsa-miR-532-3p;Plate 1
M16;hsa-miR-544;Plate 1
M17;hsa-miR-188-3p;Plate 1
M18;hsa-miR-431;Plate 1
M19;hsa-miR-543;Plate 1
M20;hsa-miR-30d;Plate 1
M21;hsa-miR-129-3p;Plate 1
M22;hsa-miR-30a;Plate 1
M23;hsa-miR-140-5p;Plate 1
M24;hsa-miR-151-3p;Plate 1
N01;hsa-miR-551b;Plate 1
N02;hsa-miR-181d;Plate 1
N03;hsa-miR-588;Plate 1
N04;hsa-miR-520g;Plate 1
N05;hsa-miR-105;Plate 1
N06;hsa-miR-520e;Plate 1
N07;hsa-miR-545;Plate 1
N08;hsa-miR-302a;Plate 1
N09;hsa-miR-29b;Plate 1
N10;hsa-miR-632;Plate 1
N11;hsa-miR-802;Plate 1
N12;hsa-miR-590-3p;Plate 1
N13;hsa-let-7d;Plate 1
N14;hsa-miR-147;Plate 1
N15;hsa-miR-519c-3p;Plate 1
N16;hsa-miR-580;Plate 1
N17;hsa-miR-373;Plate 1
N18;hsa-miR-181a;Plate 1
N19;hsa-miR-301a;Plate 1
N20;hsa-miR-28-3p;Plate 1
N21;hsa-miR-137;Plate 1
N22;hsa-miR-875-3p;Plate 1
N23;hsa-miR-127-5p;Plate 1
N24;hsa-miR-339-5p;Plate 1
O01;hsa-miR-873;Plate 1
O02;hsa-miR-146a;Plate 1
O03;hsa-miR-150;Plate 1
O04;hsa-miR-298;Plate 1
O05;hsa-miR-17*;Plate 1
O06;hsa-miR-455-3p;Plate 1
O07;hsa-miR-30e;Plate 1
O08;hsa-miR-151-5p;Plate 1
O09;hsa-let-7a*;Plate 1
O10;hsa-let-7b*;Plate 1
O11;hsa-let-7d*;Plate 1
O12;hsa-let-7f-1*;Plate 1
O13;hsa-let-7f-2*;Plate 1
O14;hsa-let-7g*;Plate 1
O15;hsa-let-7i*;Plate 1
O16;hsa-miR-103b;Plate 1
O17;hsa-miR-106b*;Plate 1
O18;hsa-miR-10b*;Plate 1
O19;hsa-miR-125b-1*;Plate 1
O20;hsa-miR-125b-2*;Plate 1
O21;hsa-miR-126*;Plate 1
O22;hsa-miR-130b*;Plate 1
O23;hsa-miR-133a;Plate 1
O24;hsa-miR-138-1*;Plate 1
P01;hsa-miR-138-2*;Plate 1
P02;hsa-miR-141*;Plate 1
P03;hsa-miR-145;Plate 1
P04;hsa-miR-153;Plate 1
P05;hsa-miR-15b*;Plate 1
P06;hsa-miR-181a*;Plate 1
P07;hsa-miR-18a*;Plate 1
P08;hsa-miR-193a-3p;Plate 1
P09;hsa-miR-193b*;Plate 1
P10;hsa-miR-199a-5p;Plate 1
P11;hsa-miR-1304;Plate 1
P12;hsa-miR-19a*;Plate 1
P13;cel-miR-39;Plate 1
P14;cel-miR-39;Plate 1
P15;SNORD61;Plate 1
P16;SNORD68;Plate 1
P17;SNORD72;Plate 1
P18;SNORD95;Plate 1
P19;SNORD96A;Plate 1
P20;RNU6-2;Plate 1
P21;miRTC;Plate 1
P22;miRTC;Plate 1
P23;PPC;Plate 1
P24;PPC;Plate 1
A01;hsa-miR-19b-2*;Plate 2
A02;hsa-miR-200a;Plate 2
A03;hsa-miR-1305;Plate 2
A04;hsa-miR-1306;Plate 2
A05;hsa-miR-21*;Plate 2
A06;hsa-miR-216a;Plate 2
A07;hsa-miR-216b;Plate 2
A08;hsa-miR-217;Plate 2
A09;hsa-miR-22*;Plate 2
A10;hsa-miR-221;Plate 2
A11;hsa-miR-224;Plate 2
A12;hsa-miR-24-1*;Plate 2
A13;hsa-miR-24-2*;Plate 2
A14;hsa-miR-25*;Plate 2
A15;hsa-miR-27a*;Plate 2
A16;hsa-miR-29a*;Plate 2
A17;hsa-miR-29b-1*;Plate 2
A18;hsa-miR-29b-2*;Plate 2
A19;hsa-miR-29c*;Plate 2
A20;hsa-miR-302a*;Plate 2
A21;hsa-miR-302d*;Plate 2
A22;hsa-miR-30a*;Plate 2
A23;hsa-miR-30c-1*;Plate 2
A24;hsa-miR-30c-2*;Plate 2
B01;hsa-miR-30e*;Plate 2
B02;hsa-miR-31;Plate 2
B03;hsa-miR-324-3p;Plate 2
B04;hsa-miR-326;Plate 2
B05;hsa-miR-328;Plate 2
B06;hsa-miR-33b;Plate 2
B07;hsa-miR-139-3p;Plate 2
B08;hsa-miR-1307;Plate 2
B09;hsa-miR-367*;Plate 2
B10;hsa-miR-374b*;Plate 2
B11;hsa-miR-381;Plate 2
B12;hsa-miR-409-3p;Plate 2
B13;hsa-miR-409-5p;Plate 2
B14;hsa-miR-411*;Plate 2
B15;hsa-miR-424*;Plate 2
B16;hsa-miR-425*;Plate 2
B17;hsa-miR-431*;Plate 2
B18;hsa-miR-451;Plate 2
B19;hsa-miR-483-3p;Plate 2
B20;hsa-miR-486-3p;Plate 2
B21;hsa-miR-490-3p;Plate 2
B22;hsa-miR-509-3-5p;Plate 2
B23;hsa-miR-509-5p;Plate 2
B24;hsa-miR-516b;Plate 2
C01;hsa-miR-518f;Plate 2
C02;hsa-miR-9*;Plate 2
C03;hsa-miR-92a-1*;Plate 2
C04;hsa-miR-92a-2*;Plate 2
C05;hsa-miR-93*;Plate 2
C06;hsa-miR-337-5p;Plate 2
C07;hsa-miR-99b;Plate 2
C08;hsa-miR-129*;Plate 2
C09;hsa-miR-136*;Plate 2
C10;hsa-miR-145*;Plate 2
C11;hsa-miR-146b-3p;Plate 2
C12;hsa-miR-1908;Plate 2
C13;hsa-miR-191*;Plate 2
C14;hsa-miR-200b*;Plate 2
C15;hsa-miR-202*;Plate 2
C16;hsa-miR-20a*;Plate 2
C17;hsa-miR-219-1-3p;Plate 2
C18;hsa-miR-221*;Plate 2
C19;hsa-miR-297;Plate 2
C20;hsa-miR-299-5p;Plate 2
C21;hsa-miR-300;Plate 2
C22;hsa-miR-302b*;Plate 2
C23;hsa-miR-30b*;Plate 2
C24;hsa-miR-320b;Plate 2
D01;hsa-miR-320d;Plate 2
D02;hsa-miR-323-5p;Plate 2
D03;hsa-miR-340*;Plate 2
D04;hsa-miR-34b;Plate 2
D05;hsa-miR-34b*;Plate 2
D06;hsa-miR-1321;Plate 2
D07;hsa-miR-363*;Plate 2
D08;hsa-miR-373*;Plate 2
D09;hsa-miR-376a*;Plate 2
D10;hsa-miR-377*;Plate 2
D11;hsa-miR-378*;Plate 2
D12;hsa-miR-380*;Plate 2
D13;hsa-miR-432*;Plate 2
D14;hsa-miR-449b;Plate 2
D15;hsa-miR-452*;Plate 2
D16;hsa-miR-454*;Plate 2
D17;hsa-miR-485-5p;Plate 2
D18;hsa-miR-488*;Plate 2
D19;hsa-miR-510;Plate 2
D20;hsa-miR-513a-3p;Plate 2
D21;hsa-miR-513b;Plate 2
D22;hsa-miR-513c;Plate 2
D23;hsa-miR-1299;Plate 2
D24;hsa-miR-519d;Plate 2
E01;hsa-miR-519e;Plate 2
E02;hsa-miR-342-5p;Plate 2
E03;hsa-miR-423-5p;Plate 2
E04;hsa-miR-526b*;Plate 2
E05;hsa-miR-539;Plate 2
E06;hsa-miR-491-3p;Plate 2
E07;hsa-miR-1301;Plate 2
E08;hsa-miR-561;Plate 2
E09;hsa-miR-570;Plate 2
E10;hsa-miR-628-5p;Plate 2
E11;hsa-miR-574-3p;Plate 2
E12;hsa-miR-875-5p;Plate 2
E13;hsa-miR-1302;Plate 2
E14;hsa-miR-1322;Plate 2
E15;hsa-miR-1278;Plate 2
E16;hsa-miR-1279;Plate 2
E17;hsa-miR-1280;Plate 2
E18;hsa-miR-1281;Plate 2
E19;hsa-miR-1282;Plate 2
E20;hsa-miR-1283;Plate 2
E21;hsa-miR-1284;Plate 2
E22;hsa-miR-1323;Plate 2
E23;hsa-miR-1285;Plate 2
E24;hsa-miR-1286;Plate 2
F01;hsa-miR-1287;Plate 2
F02;hsa-miR-1288;Plate 2
F03;hsa-miR-1303;Plate 2
F04;hsa-miR-708;Plate 2
F05;hsa-miR-708*;Plate 2
F06;hsa-miR-1289;Plate 2
F07;hsa-miR-1228*;Plate 2
F08;hsa-miR-1290;Plate 2
F09;hsa-miR-99b*;Plate 2
F10;hsa-miR-1178;Plate 2
F11;hsa-miR-1179;Plate 2
F12;hsa-miR-1180;Plate 2
F13;hsa-miR-1182;Plate 2
F14;hsa-miR-1183;Plate 2
F15;hsa-miR-1184;Plate 2
F16;hsa-miR-1185;Plate 2
F17;hsa-miR-1203;Plate 2
F18;hsa-miR-1204;Plate 2
F19;hsa-miR-1205;Plate 2
F20;hsa-miR-1206;Plate 2
F21;hsa-miR-1207-3p;Plate 2
F22;hsa-miR-1207-5p;Plate 2
F23;hsa-miR-1208;Plate 2
F24;hsa-miR-1224-3p;Plate 2
G01;hsa-miR-1224-5p;Plate 2
G02;hsa-miR-1226;Plate 2
G03;hsa-miR-132*;Plate 2
G04;hsa-miR-135b*;Plate 2
G05;hsa-miR-143*;Plate 2
G06;hsa-miR-185*;Plate 2
G07;hsa-miR-186*;Plate 2
G08;hsa-miR-205*;Plate 2
G09;hsa-miR-222*;Plate 2
G10;hsa-miR-224*;Plate 2
G11;hsa-miR-31*;Plate 2
G12;hsa-miR-379*;Plate 2
G13;hsa-miR-450b-3p;Plate 2
G14;hsa-miR-491-5p;Plate 2
G15;hsa-miR-541;Plate 2
G16;hsa-miR-541*;Plate 2
G17;hsa-miR-548e;Plate 2
G18;hsa-miR-548h;Plate 2
G19;hsa-miR-548i;Plate 2
G20;hsa-miR-548j;Plate 2
G21;hsa-miR-548k;Plate 2
G22;hsa-miR-548l;Plate 2
G23;hsa-miR-548m;Plate 2
G24;hsa-miR-548o;Plate 2
H01;hsa-miR-573;Plate 2
H02;hsa-miR-577;Plate 2
H03;hsa-miR-593;Plate 2
H04;hsa-miR-1324;Plate 2
H05;hsa-miR-609;Plate 2
H06;hsa-miR-627;Plate 2
H07;hsa-miR-629*;Plate 2
H08;hsa-miR-653;Plate 2
H09;hsa-miR-654-3p;Plate 2
H10;hsa-miR-664;Plate 2
H11;hsa-miR-675;Plate 2
H12;hsa-miR-675*;Plate 2
H13;hsa-miR-720;Plate 2
H14;hsa-miR-767-3p;Plate 2
H15;hsa-miR-1291;Plate 2
H16;hsa-miR-1468;Plate 2
H17;hsa-miR-876-3p;Plate 2
H18;hsa-miR-888;Plate 2
H19;hsa-miR-888*;Plate 2
H20;hsa-miR-889;Plate 2
H21;hsa-miR-891a;Plate 2
H22;hsa-miR-891b;Plate 2
H23;hsa-miR-920;Plate 2
H24;hsa-miR-922;Plate 2
I01;hsa-miR-92b*;Plate 2
I02;hsa-miR-936;Plate 2
I03;hsa-miR-1294;Plate 2
I04;hsa-miR-1295;Plate 2
I05;hsa-miR-1296;Plate 2
I06;hsa-miR-1297;Plate 2
I07;hsa-miR-943;Plate 2
I08;hsa-miR-1298;Plate 2
I09;hsa-miR-96*;Plate 2
I10;hsa-miR-103a-2*;Plate 2
I11;hsa-miR-105*;Plate 2
I12;hsa-miR-106a*;Plate 2
I13;hsa-miR-1197;Plate 2
I14;hsa-miR-122*;Plate 2
I15;hsa-miR-1227;Plate 2
I16;hsa-miR-1231;Plate 2
I17;hsa-miR-1233;Plate 2
I18;hsa-miR-1236;Plate 2
I19;hsa-miR-1237;Plate 2
I20;hsa-miR-1238;Plate 2
I21;hsa-miR-124*;Plate 2
I22;hsa-miR-1243;Plate 2
I23;hsa-miR-1244;Plate 2
I24;hsa-miR-1245;Plate 2
J01;hsa-miR-1247;Plate 2
J02;hsa-miR-1249;Plate 2
J03;hsa-miR-1250;Plate 2
J04;hsa-miR-1251;Plate 2
J05;hsa-miR-1252;Plate 2
J06;hsa-miR-1253;Plate 2
J07;hsa-miR-144*;Plate 2
J08;hsa-miR-146a*;Plate 2
J09;hsa-miR-1471;Plate 2
J10;hsa-miR-148a*;Plate 2
J11;hsa-miR-148b*;Plate 2
J12;hsa-miR-154*;Plate 2
J13;hsa-miR-155*;Plate 2
J14;hsa-miR-1537;Plate 2
J15;hsa-miR-18b*;Plate 2
J16;hsa-miR-192*;Plate 2
J17;hsa-miR-194*;Plate 2
J18;hsa-miR-195*;Plate 2
J19;hsa-miR-196b*;Plate 2
J20;hsa-miR-20b*;Plate 2
J21;hsa-miR-218-1*;Plate 2
J22;hsa-miR-218-2*;Plate 2
J23;hsa-miR-223*;Plate 2
J24;hsa-miR-23a*;Plate 2
K01;hsa-miR-23b*;Plate 2
K02;hsa-miR-26a-1*;Plate 2
K03;hsa-miR-26a-2*;Plate 2
K04;hsa-miR-32*;Plate 2
K05;hsa-miR-335*;Plate 2
K06;hsa-miR-33a*;Plate 2
K07;hsa-miR-34a*;Plate 2
K08;hsa-miR-374a*;Plate 2
K09;hsa-miR-449b*;Plate 2
K10;hsa-miR-497*;Plate 2
K11;hsa-miR-499-3p;Plate 2
K12;hsa-miR-499-5p;Plate 2
K13;hsa-miR-505*;Plate 2
K14;hsa-miR-545*;Plate 2
K15;hsa-miR-548g;Plate 2
K16;hsa-miR-548n;Plate 2
K17;hsa-miR-556-3p;Plate 2
K18;hsa-miR-569;Plate 2
K19;hsa-miR-596;Plate 2
K20;hsa-miR-1538;Plate 2
K21;hsa-miR-599;Plate 2
K22;hsa-miR-601;Plate 2
K23;hsa-miR-606;Plate 2
K24;hsa-miR-615-5p;Plate 2
L01;hsa-miR-620;Plate 2
L02;hsa-miR-625*;Plate 2
L03;hsa-miR-631;Plate 2
L04;hsa-miR-634;Plate 2
L05;hsa-miR-1539;Plate 2
L06;hsa-miR-655;Plate 2
L07;hsa-miR-656;Plate 2
L08;hsa-miR-661;Plate 2
L09;hsa-miR-664*;Plate 2
L10;hsa-miR-7-1*;Plate 2
L11;hsa-miR-7-2*;Plate 2
L12;hsa-miR-1825;Plate 2
L13;hsa-miR-892a;Plate 2
L14;hsa-miR-99a*;Plate 2
L15;hsa-miR-1255a;Plate 2
L16;hsa-miR-1256;Plate 2
L17;hsa-miR-1257;Plate 2
L18;hsa-miR-1258;Plate 2
L19;hsa-miR-1260;Plate 2
L20;hsa-miR-1262;Plate 2
L21;hsa-miR-1263;Plate 2
L22;hsa-miR-1264;Plate 2
L23;hsa-miR-1265;Plate 2
L24;hsa-miR-1266;Plate 2
M01;hsa-miR-1267;Plate 2
M02;hsa-miR-1269;Plate 2
M03;hsa-miR-1270;Plate 2
M04;hsa-miR-1271;Plate 2
M05;hsa-miR-1272;Plate 2
M06;hsa-miR-1273;Plate 2
M07;hsa-miR-1276;Plate 2
M08;hsa-miR-1277;Plate 2
M09;hsa-miR-544b;Plate 2
M10;hsa-miR-3193;Plate 2
M11;hsa-miR-592;Plate 2
M12;hsa-miR-3159;Plate 2
M13;hsa-miR-2115;Plate 2
M14;hsa-miR-302d;Plate 2
M15;hsa-miR-548u;Plate 2
M16;hsa-miR-3190;Plate 2
M17;hsa-miR-765;Plate 2
M18;hsa-miR-3690;Plate 2
M19;hsa-miR-200c*;Plate 2
M20;hsa-miR-3150a-3p;Plate 2
M21;hsa-miR-3153;Plate 2
M22;hsa-miR-4278;Plate 2
M23;hsa-miR-3151;Plate 2
M24;hsa-miR-3157-5p;Plate 2
N01;hsa-miR-3148;Plate 2
N02;hsa-miR-4317;Plate 2
N03;hsa-miR-3133;Plate 2
N04;hsa-miR-3136-5p;Plate 2
N05;hsa-miR-516a-5p;Plate 2
N06;hsa-miR-3614-3p;Plate 2
N07;hsa-miR-323b-5p;Plate 2
N08;hsa-miR-3131;Plate 2
N09;hsa-miR-4297;Plate 2
N10;hsa-miR-548b-5p;Plate 2
N11;hsa-miR-3129-5p;Plate 2
N12;hsa-miR-3191;Plate 2
N13;hsa-miR-183*;Plate 2
N14;hsa-miR-3916;Plate 2
N15;hsa-miR-19b-1*;Plate 2
N16;hsa-miR-2114;Plate 2
N17;hsa-miR-181a-2*;Plate 2
N18;hsa-miR-4298;Plate 2
N19;hsa-miR-367;Plate 2
N20;hsa-miR-3924;Plate 2
N21;hsa-miR-3655;Plate 2
N22;hsa-miR-3152-3p;Plate 2
N23;hsa-miR-3144-5p;Plate 2
N24;hsa-miR-500a;Plate 2
O01;hsa-miR-3673;Plate 2
O02;hsa-miR-3180-3p;Plate 2
O03;hsa-miR-3145-3p;Plate 2
O04;hsa-miR-3657;Plate 2
O05;hsa-miR-3941;Plate 2
O06;hsa-miR-4264;Plate 2
O07;hsa-miR-3923;Plate 2
O08;hsa-miR-548t;Plate 2
O09;hsa-miR-4271;Plate 2
O10;hsa-miR-4318;Plate 2
O11;hsa-miR-3116;Plate 2
O12;hsa-miR-10a*;Plate 2
O13;hsa-miR-3065-3p;Plate 2
O14;hsa-miR-874;Plate 2
O15;hsa-miR-552;Plate 2
O16;hsa-miR-196a*;Plate 2
O17;hsa-miR-15a*;Plate 2
O18;hsa-miR-3141;Plate 2
O19;hsa-miR-3179;Plate 2
O20;hsa-miR-30d*;Plate 2
O21;hsa-miR-493*;Plate 2
O22;hsa-miR-1976;Plate 2
O23;hsa-miR-4274;Plate 2
O24;hsa-miR-3165;Plate 2
P01;hsa-miR-4308;Plate 2
P02;hsa-miR-520a-3p;Plate 2
P03;hsa-miR-3160-3p;Plate 2
P04;hsa-miR-4316;Plate 2
P05;hsa-miR-3144-3p;Plate 2
P06;hsa-miR-3138;Plate 2
P07;hsa-miR-136;Plate 2
P08;hsa-miR-509-3p;Plate 2
P09;hsa-miR-589*;Plate 2
P10;hsa-miR-3910;Plate 2
P11;hsa-miR-548q;Plate 2
P12;hsa-miR-2278;Plate 2
P13;cel-miR-39;Plate 2
P14;cel-miR-39;Plate 2
P15;SNORD61;Plate 2
P16;SNORD68;Plate 2
P17;SNORD72;Plate 2
P18;SNORD95;Plate 2
P19;SNORD96A;Plate 2
P20;RNU6-2;Plate 2
P21;miRTC;Plate 2
P22;miRTC;Plate 2
P23;PPC;Plate 2
P24;PPC;Plate 2
A01;hsa-miR-4315;Plate 3
A02;hsa-miR-644;Plate 3
A03;hsa-miR-2110;Plate 3
A04;hsa-miR-27b*;Plate 3
A05;hsa-miR-3607-3p;Plate 3
A06;hsa-miR-3173-3p;Plate 3
A07;hsa-miR-320e;Plate 3
A08;hsa-miR-548x;Plate 3
A09;hsa-miR-3613-3p;Plate 3
A10;hsa-miR-3154;Plate 3
A11;hsa-miR-302e;Plate 3
A12;hsa-miR-3913-5p;Plate 3
A13;hsa-miR-924;Plate 3
A14;hsa-miR-3670;Plate 3
A15;hsa-miR-2355-3p;Plate 3
A16;hsa-miR-3607-5p;Plate 3
A17;hsa-miR-3667-5p;Plate 3
A18;hsa-miR-518e;Plate 3
A19;hsa-miR-4276;Plate 3
A20;hsa-miR-624;Plate 3
A21;hsa-miR-3612;Plate 3
A22;hsa-miR-4254;Plate 3
A23;hsa-miR-4260;Plate 3
A24;hsa-miR-885-3p;Plate 3
B01;hsa-miR-4324;Plate 3
B02;hsa-miR-3938;Plate 3
B03;hsa-miR-642b;Plate 3
B04;hsa-miR-548v;Plate 3
B05;hsa-miR-4262;Plate 3
B06;hsa-miR-3118;Plate 3
B07;hsa-miR-3919;Plate 3
B08;hsa-miR-3137;Plate 3
B09;hsa-miR-3605-3p;Plate 3
B10;hsa-miR-3666;Plate 3
B11;hsa-miR-645;Plate 3
B12;hsa-miR-617;Plate 3
B13;hsa-miR-3149;Plate 3
B14;hsa-miR-323b-3p;Plate 3
B15;hsa-miR-4255;Plate 3
B16;hsa-miR-551b*;Plate 3
B17;hsa-miR-3912;Plate 3
B18;hsa-miR-3925-5p;Plate 3
B19;hsa-miR-4285;Plate 3
B20;hsa-miR-4252;Plate 3
B21;hsa-miR-1193;Plate 3
B22;hsa-miR-483-5p;Plate 3
B23;hsa-miR-4295;Plate 3
B24;hsa-miR-3669;Plate 3
C01;hsa-miR-1260b;Plate 3
C02;hsa-miR-3667-3p;Plate 3
C03;hsa-miR-604;Plate 3
C04;hsa-miR-1248;Plate 3
C05;hsa-miR-4312;Plate 3
C06;hsa-miR-154;Plate 3
C07;hsa-miR-4326;Plate 3
C08;hsa-miR-4304;Plate 3
C09;hsa-miR-3918;Plate 3
C10;hsa-miR-3674;Plate 3
C11;hsa-miR-3174;Plate 3
C12;hsa-miR-3671;Plate 3
C13;hsa-miR-466;Plate 3
C14;hsa-miR-3175;Plate 3
C15;hsa-miR-4294;Plate 3
C16;hsa-miR-3182;Plate 3
C17;hsa-miR-548aa;Plate 3
C18;hsa-miR-3678-5p;Plate 3
C19;hsa-miR-3124-5p;Plate 3
C20;hsa-miR-3162-5p;Plate 3
C21;hsa-miR-3684;Plate 3
C22;hsa-miR-3659;Plate 3
C23;hsa-miR-4325;Plate 3
C24;hsa-miR-34c-3p;Plate 3
D01;hsa-miR-2355-5p;Plate 3
D02;hsa-miR-548y;Plate 3
D03;hsa-miR-553;Plate 3
D04;hsa-miR-676;Plate 3
D05;hsa-miR-3199;Plate 3
D06;hsa-miR-670;Plate 3
D07;hsa-miR-16-2*;Plate 3
D08;hsa-miR-187*;Plate 3
D09;hsa-miR-593*;Plate 3
D10;hsa-miR-3130-5p;Plate 3
D11;hsa-miR-4293;Plate 3
D12;hsa-miR-3921;Plate 3
D13;hsa-miR-3682-3p;Plate 3
D14;hsa-miR-548s;Plate 3
D15;hsa-miR-147b;Plate 3
D16;hsa-miR-3907;Plate 3
D17;hsa-miR-3943;Plate 3
D18;hsa-miR-3675-5p;Plate 3
D19;hsa-miR-378b;Plate 3
D20;hsa-miR-3685;Plate 3
D21;hsa-miR-508-5p;Plate 3
D22;hsa-miR-3606;Plate 3
D23;hsa-miR-3120-3p;Plate 3
D24;hsa-miR-3194-5p;Plate 3
E01;hsa-miR-377;Plate 3
E02;hsa-miR-1912;Plate 3
E03;hsa-miR-3164;Plate 3
E04;hsa-miR-182*;Plate 3
E05;hsa-miR-4261;Plate 3
E06;hsa-miR-490-5p;Plate 3
E07;hsa-miR-3681*;Plate 3
E08;hsa-miR-640;Plate 3
E09;hsa-miR-3713;Plate 3
E10;hsa-miR-3616-3p;Plate 3
E11;hsa-miR-3616-5p;Plate 3
E12;hsa-miR-4288;Plate 3
E13;hsa-miR-4273;Plate 3
E14;hsa-miR-4291;Plate 3
E15;hsa-miR-654-5p;Plate 3
E16;hsa-miR-764;Plate 3
E17;hsa-miR-3945;Plate 3
E18;hsa-miR-2117;Plate 3
E19;hsa-miR-4283;Plate 3
E20;hsa-miR-3186-3p;Plate 3
E21;hsa-miR-3662;Plate 3
E22;hsa-miR-4311;Plate 3
E23;hsa-miR-3163;Plate 3
E24;hsa-miR-3935;Plate 3
F01;hsa-miR-2276;Plate 3
F02;hsa-miR-514b-3p;Plate 3
F03;hsa-miR-4307;Plate 3
F04;hsa-miR-100*;Plate 3
F05;hsa-miR-1255b;Plate 3
F06;hsa-miR-1827;Plate 3
F07;hsa-miR-4328;Plate 3
F08;hsa-miR-3200-5p;Plate 3
F09;hsa-miR-3122;Plate 3
F10;hsa-miR-3654;Plate 3
F11;hsa-miR-1273d;Plate 3
F12;hsa-miR-4282;Plate 3
F13;hsa-miR-374c;Plate 3
F14;hsa-miR-296-3p;Plate 3
F15;hsa-miR-3146;Plate 3
F16;hsa-miR-4280;Plate 3
F17;hsa-miR-548w;Plate 3
F18;hsa-miR-3147;Plate 3
F19;hsa-miR-887;Plate 3
F20;hsa-miR-3143;Plate 3
F21;hsa-miR-4268;Plate 3
F22;hsa-miR-1911*;Plate 3
F23;hsa-miR-519b-3p;Plate 3
F24;hsa-miR-3680;Plate 3
G01;hsa-miR-16-1*;Plate 3
G02;hsa-miR-4277;Plate 3
G03;hsa-miR-3917;Plate 3
G04;hsa-miR-668;Plate 3
G05;hsa-miR-3185;Plate 3
G06;hsa-miR-500a*;Plate 3
G07;hsa-miR-3926;Plate 3
G08;hsa-miR-892b;Plate 3
G09;hsa-miR-3140-3p;Plate 3
G10;hsa-miR-3611;Plate 3
G11;hsa-miR-3142;Plate 3
G12;hsa-miR-26b*;Plate 3
G13;hsa-miR-744*;Plate 3
G14;hsa-miR-1914;Plate 3
G15;hsa-miR-1909*;Plate 3
G16;hsa-miR-3676;Plate 3
G17;hsa-miR-4302;Plate 3
G18;hsa-miR-338-5p;Plate 3
G19;hsa-miR-339-3p;Plate 3
G20;hsa-miR-2114*;Plate 3
G21;hsa-miR-4286;Plate 3
G22;hsa-miR-3618;Plate 3
G23;hsa-miR-3683;Plate 3
G24;hsa-miR-4314;Plate 3
H01;hsa-miR-3132;Plate 3
H02;hsa-miR-520a-5p;Plate 3
H03;hsa-miR-1910;Plate 3
H04;hsa-miR-3679-3p;Plate 3
H05;hsa-miR-3658;Plate 3
H06;hsa-miR-3915;Plate 3
H07;hsa-miR-3688-3p;Plate 3
H08;hsa-miR-4253;Plate 3
H09;hsa-miR-4301;Plate 3
H10;hsa-miR-3158-3p;Plate 3
H11;hsa-miR-3202;Plate 3
H12;hsa-miR-3127-5p;Plate 3
H13;hsa-miR-449c*;Plate 3
H14;hsa-miR-214*;Plate 3
H15;hsa-miR-3942-5p;Plate 3
H16;hsa-miR-3691-5p;Plate 3
H17;hsa-miR-3934;Plate 3
H18;hsa-miR-4257;Plate 3
H19;hsa-miR-3672;Plate 3
H20;hsa-miR-125a-3p;Plate 3
H21;hsa-miR-3651;Plate 3
H22;hsa-miR-2116;Plate 3
H23;hsa-miR-507;Plate 3
H24;hsa-miR-2909;Plate 3
I01;hsa-miR-2113;Plate 3
I02;hsa-miR-3622b-3p;Plate 3
I03;hsa-miR-4289;Plate 3
I04;hsa-miR-3687;Plate 3
I05;hsa-miR-1261;Plate 3
I06;hsa-miR-4305;Plate 3
I07;hsa-miR-3692;Plate 3
I08;hsa-miR-941;Plate 3
I09;hsa-miR-2052;Plate 3
I10;hsa-miR-199b-5p;Plate 3
I11;hsa-miR-3130-3p;Plate 3
I12;hsa-miR-23c;Plate 3
I13;hsa-miR-3119;Plate 3
I14;hsa-miR-4272;Plate 3
I15;hsa-miR-3200-3p;Plate 3
I16;hsa-miR-378c;Plate 3
I17;hsa-miR-3168;Plate 3
I18;hsa-miR-107;Plate 3
I19;hsa-miR-330-5p;Plate 3
I20;hsa-miR-181c*;Plate 3
I21;hsa-miR-3647-3p;Plate 3
I22;hsa-miR-3939;Plate 3
I23;hsa-miR-2115*;Plate 3
I24;hsa-miR-3117-3p;Plate 3
J01;hsa-miR-130a*;Plate 3
J02;hsa-miR-934;Plate 3
J03;hsa-miR-3622a-5p;Plate 3
J04;hsa-miR-302f;Plate 3
J05;hsa-miR-200b;Plate 3
J06;hsa-miR-3201;Plate 3
J07;hsa-miR-3922-3p;Plate 3
J08;hsa-miR-92b;Plate 3
J09;hsa-miR-3605-5p;Plate 3
J10;hsa-miR-3909;Plate 3
J11;hsa-miR-550a;Plate 3
J12;hsa-miR-4310;Plate 3
J13;hsa-miR-586;Plate 3
J14;hsa-miR-598;Plate 3
J15;hsa-miR-3914;Plate 3
J16;hsa-miR-3678-3p;Plate 3
J17;hsa-miR-525-5p;Plate 3
J18;hsa-miR-4319;Plate 3
J19;hsa-miR-3679-5p;Plate 3
J20;hsa-miR-4300;Plate 3
J21;hsa-miR-517*;Plate 3
J22;hsa-miR-4265;Plate 3
J23;hsa-miR-3150b-3p;Plate 3
J24;hsa-miR-3661;Plate 3
K01;hsa-miR-2116*;Plate 3
K02;hsa-miR-1293;Plate 3
K03;hsa-miR-921;Plate 3
K04;hsa-miR-4279;Plate 3
K05;hsa-miR-4303;Plate 3
K06;hsa-miR-3126-3p;Plate 3
K07;hsa-miR-3176;Plate 3
K08;hsa-miR-676*;Plate 3
K09;hsa-miR-3167;Plate 3
K10;hsa-miR-3166;Plate 3
K11;hsa-miR-3927;Plate 3
K12;hsa-miR-3126-5p;Plate 3
K13;hsa-miR-3184;Plate 3
K14;hsa-miR-3065-5p;Plate 3
K15;hsa-miR-550b;Plate 3
K16;hsa-miR-3617;Plate 3
K17;hsa-miR-3649;Plate 3
K18;hsa-miR-3647-5p;Plate 3
K19;hsa-miR-3650;Plate 3
K20;hsa-miR-4290;Plate 3
K21;hsa-miR-3161;Plate 3
K22;hsa-miR-642a;Plate 3
K23;hsa-miR-3128;Plate 3
K24;hsa-miR-4267;Plate 3
L01;hsa-miR-4299;Plate 3
L02;hsa-miR-582-3p;Plate 3
L03;hsa-miR-877*;Plate 3
L04;hsa-miR-3908;Plate 3
L05;hsa-miR-3681;Plate 3
L06;hsa-miR-3139;Plate 3
L07;hsa-miR-3664-5p;Plate 3
L08;hsa-miR-101*;Plate 3
L09;hsa-miR-616;Plate 3
L10;hsa-miR-550a*;Plate 3
L11;hsa-miR-3121-3p;Plate 3
L12;hsa-miR-1914*;Plate 3
L13;hsa-miR-3135;Plate 3
L14;hsa-miR-514b-5p;Plate 3
L15;hsa-miR-3652;Plate 3
L16;hsa-miR-3714;Plate 3
L17;hsa-miR-3186-5p;Plate 3
L18;hsa-miR-4306;Plate 3
L19;hsa-miR-3125;Plate 3
L20;hsa-miR-4251;Plate 3
L21;hsa-miR-449c;Plate 3
L22;hsa-miR-890;Plate 3
L23;hsa-miR-4258;Plate 3
L24;hsa-miR-761;Plate 3
M01;hsa-miR-4309;Plate 3
M02;hsa-miR-3177-3p;Plate 3
M03;hsa-miR-3668;Plate 3
M04;hsa-miR-4323;Plate 3
M05;hsa-miR-3660;Plate 3
M06;hsa-miR-3156-5p;Plate 3
M07;hsa-miR-4275;Plate 3
M08;hsa-miR-3074-3p;Plate 3
M09;hsa-miR-3920;Plate 3
M10;hsa-miR-4296;Plate 3
M11;hsa-miR-4263;Plate 3
M12;hsa-miR-876-5p;Plate 3
M13;hsa-miR-3675-3p;Plate 3
M14;hsa-miR-3170;Plate 3
M15;hsa-miR-759;Plate 3
M16;hsa-miR-204;Plate 3
M17;hsa-miR-3171;Plate 3
M18;hsa-miR-1911;Plate 3
M19;hsa-miR-4330;Plate 3
M20;hsa-miR-3653;Plate 3
M21;hsa-miR-3134;Plate 3
M22;hsa-miR-3115;Plate 3
M23;hsa-let-7e*;Plate 3
M24;hsa-miR-4287;Plate 3
N01;hsa-miR-517a;Plate 3
N02;hsa-miR-517c;Plate 3
N03;hsa-miR-17 hsa-miR-106a;Plate 3
N04;hsa-miR-199a-3p hsa-miR-199b-3p;Plate 3
N05;hsa-miR-374b hsa-miR-374c;Plate 3
N06;hsa-miR-516a-3p hsa-miR-516b*;Plate 3
N07;hsa-miR-520c-3p hsa-miR-520f;Plate 3
N08;hsa-miR-3155 hsa-miR-3155b;Plate 3
N09;hsa-miR-548am hsa-miR-548p;Plate 3
N10;hsa-miR-3689a-5p hsa-miR-3689b hsa-miR-3689e;Plate 3
N11;blank;Plate 3
N12;blank;Plate 3
N13;blank;Plate 3
N14;blank;Plate 3
N15;blank;Plate 3
N16;blank;Plate 3
N17;blank;Plate 3
N18;blank;Plate 3
N19;blank;Plate 3
N20;blank;Plate 3
N21;blank;Plate 3
N22;blank;Plate 3
N23;blank;Plate 3
N24;blank;Plate 3
O01;blank;Plate 3
O02;blank;Plate 3
O03;blank;Plate 3
O04;blank;Plate 3
O05;blank;Plate 3
O06;blank;Plate 3
O07;blank;Plate 3
O08;blank;Plate 3
O09;blank;Plate 3
O10;blank;Plate 3
O11;blank;Plate 3
O12;blank;Plate 3
O13;blank;Plate 3
O14;blank;Plate 3
O15;blank;Plate 3
O16;blank;Plate 3
O17;blank;Plate 3
O18;blank;Plate 3
O19;blank;Plate 3
O20;blank;Plate 3
O21;blank;Plate 3
O22;blank;Plate 3
O23;blank;Plate 3
O24;blank;Plate 3
P01;blank;Plate 3
P02;blank;Plate 3
P03;blank;Plate 3
P04;blank;Plate 3
P05;blank;Plate 3
P06;blank;Plate 3
P07;blank;Plate 3
P08;blank;Plate 3
P09;blank;Plate 3
P10;blank;Plate 3
P11;blank;Plate 3
P12;blank;Plate 3
P13;cel-miR-39;Plate 3
P14;cel-miR-39;Plate 3
P15;SNORD61;Plate 3
P16;SNORD68;Plate 3
P17;SNORD72;Plate 3
P18;SNORD95;Plate 3
P19;SNORD96A;Plate 3
P20;RNU6-2;Plate 3
P21;miRTC;Plate 3
P22;miRTC;Plate 3
P23;PPC;Plate 3
P24;PPC;Plate 3
